"1","0.000000","1698368179.886252000","172.20.0.2","172.20.0.3","TCP","74","52712 → 41002 [SYN] Seq=0 Win=64240 Len=0 MSS=1460 SACK_PERM TSval=3834531200 TSecr=0 WS=128"
"2","0.000100","1698368179.886352000","172.20.0.3","172.20.0.2","TCP","54","41002 → 52712 [RST, ACK] Seq=1 Ack=1 Win=0 Len=0"
"3","0.000175","1698368179.886427000","172.20.0.2","172.20.0.3","TCP","74","54280 → 41003 [SYN] Seq=0 Win=64240 Len=0 MSS=1460 SACK_PERM TSval=3834531200 TSecr=0 WS=128"
"4","0.000225","1698368179.886477000","172.20.0.3","172.20.0.2","TCP","74","41003 → 54280 [SYN, ACK] Seq=0 Ack=1 Win=65160 Len=0 MSS=1460 SACK_PERM TSval=1346338208 TSecr=3834531200 WS=128"
"5","0.000249","1698368179.886501000","172.20.0.2","172.20.0.3","TCP","66","54280 → 41003 [ACK] Seq=1 Ack=1 Win=64256 Len=0 TSval=3834531200 TSecr=1346338208"
"6","0.118926","1698368180.005178000","172.20.0.2","172.20.0.3","TCP","917","54280 → 41003 [PSH, ACK] Seq=1 Ack=1 Win=64256 Len=851 TSval=3834531319 TSecr=1346338208"
"7","0.119038","1698368180.005290000","172.20.0.3","172.20.0.2","TCP","66","41003 → 54280 [ACK] Seq=1 Ack=852 Win=64384 Len=0 TSval=1346338327 TSecr=3834531319"
"8","1.211301","1698368181.097553000","172.20.0.2","172.20.0.3","TCP","74","52718 → 41002 [SYN] Seq=0 Win=64240 Len=0 MSS=1460 SACK_PERM TSval=3834532411 TSecr=0 WS=128"
"9","1.211428","1698368181.097680000","172.20.0.3","172.20.0.2","TCP","54","41002 → 52718 [RST, ACK] Seq=1 Ack=1 Win=0 Len=0"
"10","1.320875","1698368181.207127000","172.20.0.2","172.20.0.3","TCP","148","54280 → 41003 [PSH, ACK] Seq=852 Ack=1 Win=64256 Len=82 TSval=3834532521 TSecr=1346338327"
"11","1.320983","1698368181.207235000","172.20.0.3","172.20.0.2","TCP","66","41003 → 54280 [ACK] Seq=1 Ack=934 Win=64384 Len=0 TSval=1346339529 TSecr=3834532521"
"12","1.321412","1698368181.207664000","172.20.0.3","172.20.0.2","TCP","148","41003 → 54280 [PSH, ACK] Seq=1 Ack=934 Win=64384 Len=82 TSval=1346339529 TSecr=3834532521"
"13","1.321463","1698368181.207715000","172.20.0.2","172.20.0.3","TCP","66","54280 → 41003 [ACK] Seq=934 Ack=83 Win=64256 Len=0 TSval=3834532521 TSecr=1346339529"
"14","2.413821","1698368182.300073000","172.20.0.2","172.20.0.3","TCP","74","52720 → 41002 [SYN] Seq=0 Win=64240 Len=0 MSS=1460 SACK_PERM TSval=3834533614 TSecr=0 WS=128"
"15","2.413967","1698368182.300219000","172.20.0.3","172.20.0.2","TCP","54","41002 → 52720 [RST, ACK] Seq=1 Ack=1 Win=0 Len=0"
"16","2.523374","1698368182.409626000","172.20.0.2","172.20.0.3","TCP","148","54280 → 41003 [PSH, ACK] Seq=934 Ack=83 Win=64256 Len=82 TSval=3834533723 TSecr=1346339529"
"17","2.523660","1698368182.409912000","172.20.0.3","172.20.0.2","TCP","148","41003 → 54280 [PSH, ACK] Seq=83 Ack=1016 Win=64384 Len=82 TSval=1346340731 TSecr=3834533723"
"18","2.523702","1698368182.409954000","172.20.0.2","172.20.0.3","TCP","66","54280 → 41003 [ACK] Seq=1016 Ack=165 Win=64256 Len=0 TSval=3834533724 TSecr=1346340731"
"19","3.616048","1698368183.502300000","172.20.0.2","172.20.0.3","TCP","74","52724 → 41002 [SYN] Seq=0 Win=64240 Len=0 MSS=1460 SACK_PERM TSval=3834534816 TSecr=0 WS=128"
"20","3.616193","1698368183.502445000","172.20.0.3","172.20.0.2","TCP","54","41002 → 52724 [RST, ACK] Seq=1 Ack=1 Win=0 Len=0"
"21","3.725636","1698368183.611888000","172.20.0.2","172.20.0.3","TCP","148","54280 → 41003 [PSH, ACK] Seq=1016 Ack=165 Win=64256 Len=82 TSval=3834534926 TSecr=1346340731"
"22","3.725941","1698368183.612193000","172.20.0.3","172.20.0.2","TCP","148","41003 → 54280 [PSH, ACK] Seq=165 Ack=1098 Win=64384 Len=82 TSval=1346341934 TSecr=3834534926"
"23","3.725967","1698368183.612219000","172.20.0.2","172.20.0.3","TCP","66","54280 → 41003 [ACK] Seq=1098 Ack=247 Win=64256 Len=0 TSval=3834534926 TSecr=1346341934"
"24","4.818166","1698368184.704418000","172.20.0.2","172.20.0.3","TCP","74","52728 → 41002 [SYN] Seq=0 Win=64240 Len=0 MSS=1460 SACK_PERM TSval=3834536018 TSecr=0 WS=128"
"25","4.818299","1698368184.704551000","172.20.0.3","172.20.0.2","TCP","54","41002 → 52728 [RST, ACK] Seq=1 Ack=1 Win=0 Len=0"
"26","4.927684","1698368184.813936000","172.20.0.2","172.20.0.3","TCP","148","54280 → 41003 [PSH, ACK] Seq=1098 Ack=247 Win=64256 Len=82 TSval=3834536128 TSecr=1346341934"
"27","4.928047","1698368184.814299000","172.20.0.3","172.20.0.2","TCP","148","41003 → 54280 [PSH, ACK] Seq=247 Ack=1180 Win=64384 Len=82 TSval=1346343136 TSecr=3834536128"
"28","4.928090","1698368184.814342000","172.20.0.2","172.20.0.3","TCP","66","54280 → 41003 [ACK] Seq=1180 Ack=329 Win=64256 Len=0 TSval=3834536128 TSecr=1346343136"
"29","6.020305","1698368185.906557000","172.20.0.2","172.20.0.3","TCP","74","36360 → 41002 [SYN] Seq=0 Win=64240 Len=0 MSS=1460 SACK_PERM TSval=3834537220 TSecr=0 WS=128"
"30","6.020440","1698368185.906692000","172.20.0.3","172.20.0.2","TCP","54","41002 → 36360 [RST, ACK] Seq=1 Ack=1 Win=0 Len=0"
"31","6.129841","1698368186.016093000","172.20.0.2","172.20.0.3","TCP","147","54280 → 41003 [PSH, ACK] Seq=1180 Ack=329 Win=64256 Len=81 TSval=3834537330 TSecr=1346343136"
"32","6.130163","1698368186.016415000","172.20.0.3","172.20.0.2","TCP","148","41003 → 54280 [PSH, ACK] Seq=329 Ack=1261 Win=64384 Len=82 TSval=1346344338 TSecr=3834537330"
"33","6.130197","1698368186.016449000","172.20.0.2","172.20.0.3","TCP","66","54280 → 41003 [ACK] Seq=1261 Ack=411 Win=64256 Len=0 TSval=3834537330 TSecr=1346344338"
"34","7.222582","1698368187.108834000","172.20.0.2","172.20.0.3","TCP","74","36374 → 41002 [SYN] Seq=0 Win=64240 Len=0 MSS=1460 SACK_PERM TSval=3834538422 TSecr=0 WS=128"
"35","7.222726","1698368187.108978000","172.20.0.3","172.20.0.2","TCP","54","41002 → 36374 [RST, ACK] Seq=1 Ack=1 Win=0 Len=0"
"36","7.332193","1698368187.218445000","172.20.0.2","172.20.0.3","TCP","148","54280 → 41003 [PSH, ACK] Seq=1261 Ack=411 Win=64256 Len=82 TSval=3834538532 TSecr=1346344338"
"37","7.332450","1698368187.218702000","172.20.0.3","172.20.0.2","TCP","148","41003 → 54280 [PSH, ACK] Seq=411 Ack=1343 Win=64384 Len=82 TSval=1346345540 TSecr=3834538532"
"38","7.332490","1698368187.218742000","172.20.0.2","172.20.0.3","TCP","66","54280 → 41003 [ACK] Seq=1343 Ack=493 Win=64256 Len=0 TSval=3834538532 TSecr=1346345540"
"39","8.424762","1698368188.311014000","172.20.0.2","172.20.0.3","TCP","74","36386 → 41002 [SYN] Seq=0 Win=64240 Len=0 MSS=1460 SACK_PERM TSval=3834539625 TSecr=0 WS=128"
"40","8.424905","1698368188.311157000","172.20.0.3","172.20.0.2","TCP","54","41002 → 36386 [RST, ACK] Seq=1 Ack=1 Win=0 Len=0"
"41","8.534312","1698368188.420564000","172.20.0.2","172.20.0.3","TCP","148","54280 → 41003 [PSH, ACK] Seq=1343 Ack=493 Win=64256 Len=82 TSval=3834539734 TSecr=1346345540"
"42","8.534468","1698368188.420720000","172.20.0.3","172.20.0.2","TCP","148","41003 → 54280 [PSH, ACK] Seq=493 Ack=1425 Win=64384 Len=82 TSval=1346346742 TSecr=3834539734"
"43","8.534495","1698368188.420747000","172.20.0.2","172.20.0.3","TCP","66","54280 → 41003 [ACK] Seq=1425 Ack=575 Win=64256 Len=0 TSval=3834539734 TSecr=1346346742"
"44","9.626482","1698368189.512734000","172.20.0.2","172.20.0.3","TCP","74","36392 → 41002 [SYN] Seq=0 Win=64240 Len=0 MSS=1460 SACK_PERM TSval=3834540826 TSecr=0 WS=128"
"45","9.626601","1698368189.512853000","172.20.0.3","172.20.0.2","TCP","54","41002 → 36392 [RST, ACK] Seq=1 Ack=1 Win=0 Len=0"
"46","9.736014","1698368189.622266000","172.20.0.2","172.20.0.3","TCP","148","54280 → 41003 [PSH, ACK] Seq=1425 Ack=575 Win=64256 Len=82 TSval=3834540936 TSecr=1346346742"
"47","9.736418","1698368189.622670000","172.20.0.3","172.20.0.2","TCP","148","41003 → 54280 [PSH, ACK] Seq=575 Ack=1507 Win=64384 Len=82 TSval=1346347944 TSecr=3834540936"
"48","9.736460","1698368189.622712000","172.20.0.2","172.20.0.3","TCP","66","54280 → 41003 [ACK] Seq=1507 Ack=657 Win=64256 Len=0 TSval=3834540936 TSecr=1346347944"
"49","10.729064","1698368190.615316000","172.20.0.1","224.0.0.251","MDNS","87","Standard query 0x0000 PTR _ipps._tcp.local, "QM" question PTR _ipp._tcp.local, "QM" question"
"50","10.828477","1698368190.714729000","172.20.0.2","172.20.0.3","TCP","74","36394 → 41002 [SYN] Seq=0 Win=64240 Len=0 MSS=1460 SACK_PERM TSval=3834542028 TSecr=0 WS=128"
"51","10.828599","1698368190.714851000","172.20.0.3","172.20.0.2","TCP","54","41002 → 36394 [RST, ACK] Seq=1 Ack=1 Win=0 Len=0"
"52","10.937975","1698368190.824227000","172.20.0.2","172.20.0.3","TCP","148","54280 → 41003 [PSH, ACK] Seq=1507 Ack=657 Win=64256 Len=82 TSval=3834542138 TSecr=1346347944"
"53","10.938280","1698368190.824532000","172.20.0.3","172.20.0.2","TCP","148","41003 → 54280 [PSH, ACK] Seq=657 Ack=1589 Win=64384 Len=82 TSval=1346349146 TSecr=3834542138"
"54","10.938307","1698368190.824559000","172.20.0.2","172.20.0.3","TCP","66","54280 → 41003 [ACK] Seq=1589 Ack=739 Win=64256 Len=0 TSval=3834542138 TSecr=1346349146"
"55","12.031418","1698368191.917670000","172.20.0.2","172.20.0.3","TCP","74","36408 → 41002 [SYN] Seq=0 Win=64240 Len=0 MSS=1460 SACK_PERM TSval=3834543231 TSecr=0 WS=128"
"56","12.031572","1698368191.917824000","172.20.0.3","172.20.0.2","TCP","54","41002 → 36408 [RST, ACK] Seq=1 Ack=1 Win=0 Len=0"
"57","12.141228","1698368192.027480000","172.20.0.2","172.20.0.3","TCP","147","54280 → 41003 [PSH, ACK] Seq=1589 Ack=739 Win=64256 Len=81 TSval=3834543341 TSecr=1346349146"
"58","12.141494","1698368192.027746000","172.20.0.3","172.20.0.2","TCP","148","41003 → 54280 [PSH, ACK] Seq=739 Ack=1670 Win=64384 Len=82 TSval=1346350349 TSecr=3834543341"
"59","12.141540","1698368192.027792000","172.20.0.2","172.20.0.3","TCP","66","54280 → 41003 [ACK] Seq=1670 Ack=821 Win=64256 Len=0 TSval=3834543341 TSecr=1346350349"
"60","13.233783","1698368193.120035000","172.20.0.2","172.20.0.3","TCP","74","36424 → 41002 [SYN] Seq=0 Win=64240 Len=0 MSS=1460 SACK_PERM TSval=3834544434 TSecr=0 WS=128"
"61","13.233930","1698368193.120182000","172.20.0.3","172.20.0.2","TCP","54","41002 → 36424 [RST, ACK] Seq=1 Ack=1 Win=0 Len=0"
"62","13.343332","1698368193.229584000","172.20.0.2","172.20.0.3","TCP","148","54280 → 41003 [PSH, ACK] Seq=1670 Ack=821 Win=64256 Len=82 TSval=3834544543 TSecr=1346350349"
"63","13.343671","1698368193.229923000","172.20.0.3","172.20.0.2","TCP","148","41003 → 54280 [PSH, ACK] Seq=821 Ack=1752 Win=64384 Len=82 TSval=1346351552 TSecr=3834544543"
"64","13.343711","1698368193.229963000","172.20.0.2","172.20.0.3","TCP","66","54280 → 41003 [ACK] Seq=1752 Ack=903 Win=64256 Len=0 TSval=3834544544 TSecr=1346351552"
"65","14.435658","1698368194.321910000","172.20.0.2","172.20.0.3","TCP","74","36434 → 41002 [SYN] Seq=0 Win=64240 Len=0 MSS=1460 SACK_PERM TSval=3834545636 TSecr=0 WS=128"
"66","14.435770","1698368194.322022000","172.20.0.3","172.20.0.2","TCP","54","41002 → 36434 [RST, ACK] Seq=1 Ack=1 Win=0 Len=0"
"67","14.545118","1698368194.431370000","172.20.0.2","172.20.0.3","TCP","148","54280 → 41003 [PSH, ACK] Seq=1752 Ack=903 Win=64256 Len=82 TSval=3834545745 TSecr=1346351552"
"68","14.545314","1698368194.431566000","172.20.0.3","172.20.0.2","TCP","148","41003 → 54280 [PSH, ACK] Seq=903 Ack=1834 Win=64384 Len=82 TSval=1346352753 TSecr=3834545745"
"69","14.545340","1698368194.431592000","172.20.0.2","172.20.0.3","TCP","66","54280 → 41003 [ACK] Seq=1834 Ack=985 Win=64256 Len=0 TSval=3834545745 TSecr=1346352753"
"70","15.637408","1698368195.523660000","172.20.0.2","172.20.0.3","TCP","74","33710 → 41002 [SYN] Seq=0 Win=64240 Len=0 MSS=1460 SACK_PERM TSval=3834546837 TSecr=0 WS=128"
"71","15.637549","1698368195.523801000","172.20.0.3","172.20.0.2","TCP","54","41002 → 33710 [RST, ACK] Seq=1 Ack=1 Win=0 Len=0"
"72","15.746999","1698368195.633251000","172.20.0.2","172.20.0.3","TCP","148","54280 → 41003 [PSH, ACK] Seq=1834 Ack=985 Win=64256 Len=82 TSval=3834546947 TSecr=1346352753"
"73","15.747380","1698368195.633632000","172.20.0.3","172.20.0.2","TCP","148","41003 → 54280 [PSH, ACK] Seq=985 Ack=1916 Win=64384 Len=82 TSval=1346353955 TSecr=3834546947"
"74","15.747420","1698368195.633672000","172.20.0.2","172.20.0.3","TCP","66","54280 → 41003 [ACK] Seq=1916 Ack=1067 Win=64256 Len=0 TSval=3834546947 TSecr=1346353955"
"75","16.839316","1698368196.725568000","172.20.0.2","172.20.0.3","TCP","74","33724 → 41002 [SYN] Seq=0 Win=64240 Len=0 MSS=1460 SACK_PERM TSval=3834548039 TSecr=0 WS=128"
"76","16.839437","1698368196.725689000","172.20.0.3","172.20.0.2","TCP","54","41002 → 33724 [RST, ACK] Seq=1 Ack=1 Win=0 Len=0"
"77","16.948809","1698368196.835061000","172.20.0.2","172.20.0.3","TCP","148","54280 → 41003 [PSH, ACK] Seq=1916 Ack=1067 Win=64256 Len=82 TSval=3834548149 TSecr=1346353955"
"78","16.949046","1698368196.835298000","172.20.0.3","172.20.0.2","TCP","148","41003 → 54280 [PSH, ACK] Seq=1067 Ack=1998 Win=64384 Len=82 TSval=1346355157 TSecr=3834548149"
"79","16.949072","1698368196.835324000","172.20.0.2","172.20.0.3","TCP","66","54280 → 41003 [ACK] Seq=1998 Ack=1149 Win=64256 Len=0 TSval=3834548149 TSecr=1346355157"
"80","18.041091","1698368197.927343000","172.20.0.2","172.20.0.3","TCP","74","33740 → 41002 [SYN] Seq=0 Win=64240 Len=0 MSS=1460 SACK_PERM TSval=3834549241 TSecr=0 WS=128"
"81","18.041214","1698368197.927466000","172.20.0.3","172.20.0.2","TCP","54","41002 → 33740 [RST, ACK] Seq=1 Ack=1 Win=0 Len=0"
"82","18.150626","1698368198.036878000","172.20.0.2","172.20.0.3","TCP","148","54280 → 41003 [PSH, ACK] Seq=1998 Ack=1149 Win=64256 Len=82 TSval=3834549351 TSecr=1346355157"
"83","18.150967","1698368198.037219000","172.20.0.3","172.20.0.2","TCP","148","41003 → 54280 [PSH, ACK] Seq=1149 Ack=2080 Win=64384 Len=82 TSval=1346356359 TSecr=3834549351"
"84","18.150994","1698368198.037246000","172.20.0.2","172.20.0.3","TCP","66","54280 → 41003 [ACK] Seq=2080 Ack=1231 Win=64256 Len=0 TSval=3834549351 TSecr=1346356359"
"85","19.243029","1698368199.129281000","172.20.0.2","172.20.0.3","TCP","74","33744 → 41002 [SYN] Seq=0 Win=64240 Len=0 MSS=1460 SACK_PERM TSval=3834550443 TSecr=0 WS=128"
"86","19.243119","1698368199.129371000","172.20.0.3","172.20.0.2","TCP","54","41002 → 33744 [RST, ACK] Seq=1 Ack=1 Win=0 Len=0"
"87","19.352434","1698368199.238686000","172.20.0.2","172.20.0.3","TCP","148","54280 → 41003 [PSH, ACK] Seq=2080 Ack=1231 Win=64256 Len=82 TSval=3834550552 TSecr=1346356359"
"88","19.352665","1698368199.238917000","172.20.0.3","172.20.0.2","TCP","148","41003 → 54280 [PSH, ACK] Seq=1231 Ack=2162 Win=64384 Len=82 TSval=1346357560 TSecr=3834550552"
"89","19.352707","1698368199.238959000","172.20.0.2","172.20.0.3","TCP","66","54280 → 41003 [ACK] Seq=2162 Ack=1313 Win=64256 Len=0 TSval=3834550553 TSecr=1346357560"
"90","20.444877","1698368200.331129000","172.20.0.2","172.20.0.3","TCP","74","33748 → 41002 [SYN] Seq=0 Win=64240 Len=0 MSS=1460 SACK_PERM TSval=3834551645 TSecr=0 WS=128"
"91","20.444986","1698368200.331238000","172.20.0.3","172.20.0.2","TCP","54","41002 → 33748 [RST, ACK] Seq=1 Ack=1 Win=0 Len=0"
"92","20.554439","1698368200.440691000","172.20.0.2","172.20.0.3","TCP","148","54280 → 41003 [PSH, ACK] Seq=2162 Ack=1313 Win=64256 Len=82 TSval=3834551754 TSecr=1346357560"
"93","20.554718","1698368200.440970000","172.20.0.3","172.20.0.2","TCP","148","41003 → 54280 [PSH, ACK] Seq=1313 Ack=2244 Win=64384 Len=82 TSval=1346358763 TSecr=3834551754"
"94","20.554751","1698368200.441003000","172.20.0.2","172.20.0.3","TCP","66","54280 → 41003 [ACK] Seq=2244 Ack=1395 Win=64256 Len=0 TSval=3834551755 TSecr=1346358763"
"95","21.647355","1698368201.533607000","172.20.0.2","172.20.0.3","TCP","74","33758 → 41002 [SYN] Seq=0 Win=64240 Len=0 MSS=1460 SACK_PERM TSval=3834552847 TSecr=0 WS=128"
"96","21.647457","1698368201.533709000","172.20.0.3","172.20.0.2","TCP","54","41002 → 33758 [RST, ACK] Seq=1 Ack=1 Win=0 Len=0"
"97","21.756772","1698368201.643024000","172.20.0.2","172.20.0.3","TCP","148","54280 → 41003 [PSH, ACK] Seq=2244 Ack=1395 Win=64256 Len=82 TSval=3834552957 TSecr=1346358763"
"98","21.756997","1698368201.643249000","172.20.0.3","172.20.0.2","TCP","148","41003 → 54280 [PSH, ACK] Seq=1395 Ack=2326 Win=64384 Len=82 TSval=1346359965 TSecr=3834552957"
"99","21.757026","1698368201.643278000","172.20.0.2","172.20.0.3","TCP","66","54280 → 41003 [ACK] Seq=2326 Ack=1477 Win=64256 Len=0 TSval=3834552957 TSecr=1346359965"
"100","22.849932","1698368202.736184000","172.20.0.2","172.20.0.3","TCP","74","33766 → 41002 [SYN] Seq=0 Win=64240 Len=0 MSS=1460 SACK_PERM TSval=3834554050 TSecr=0 WS=128"
"101","22.850101","1698368202.736353000","172.20.0.3","172.20.0.2","TCP","74","41002 → 33766 [SYN, ACK] Seq=0 Ack=1 Win=65160 Len=0 MSS=1460 SACK_PERM TSval=1346361058 TSecr=3834554050 WS=128"
"102","22.850130","1698368202.736382000","172.20.0.2","172.20.0.3","TCP","66","33766 → 41002 [ACK] Seq=1 Ack=1 Win=64256 Len=0 TSval=3834554050 TSecr=1346361058"
"103","22.967666","1698368202.853918000","172.20.0.2","172.20.0.3","TCP","204","33766 → 41002 [PSH, ACK] Seq=1 Ack=1 Win=64256 Len=138 TSval=3834554168 TSecr=1346361058"
"104","22.967747","1698368202.853999000","172.20.0.3","172.20.0.2","TCP","66","41002 → 33766 [ACK] Seq=1 Ack=139 Win=65024 Len=0 TSval=1346361176 TSecr=3834554168"
"105","22.967799","1698368202.854051000","172.20.0.2","172.20.0.3","TCP","148","54280 → 41003 [PSH, ACK] Seq=2326 Ack=1477 Win=64256 Len=82 TSval=3834554168 TSecr=1346359965"
"106","22.968006","1698368202.854258000","172.20.0.3","172.20.0.2","TCP","148","41003 → 54280 [PSH, ACK] Seq=1477 Ack=2408 Win=64384 Len=82 TSval=1346361176 TSecr=3834554168"
"107","22.968018","1698368202.854270000","172.20.0.2","172.20.0.3","TCP","66","54280 → 41003 [ACK] Seq=2408 Ack=1559 Win=64256 Len=0 TSval=3834554168 TSecr=1346361176"
"108","23.077055","1698368202.963307000","172.20.0.2","172.20.0.3","TCP","218","33766 → 41002 [PSH, ACK] Seq=139 Ack=1 Win=64256 Len=152 TSval=3834554277 TSecr=1346361176"
"109","23.077139","1698368202.963391000","172.20.0.3","172.20.0.2","TCP","66","41002 → 33766 [ACK] Seq=1 Ack=291 Win=64896 Len=0 TSval=1346361285 TSecr=3834554277"
"110","24.496574","1698368204.382826000","172.20.0.2","172.20.0.3","TCP","148","54280 → 41003 [PSH, ACK] Seq=2408 Ack=1559 Win=64256 Len=82 TSval=3834555696 TSecr=1346361176"
"111","24.496697","1698368204.382949000","172.20.0.2","172.20.0.3","TCP","148","33766 → 41002 [PSH, ACK] Seq=291 Ack=1 Win=64256 Len=82 TSval=3834555697 TSecr=1346361285"
"112","24.496749","1698368204.383001000","172.20.0.3","172.20.0.2","TCP","66","41002 → 33766 [ACK] Seq=1 Ack=373 Win=64896 Len=0 TSval=1346362705 TSecr=3834555697"
"113","24.496951","1698368204.383203000","172.20.0.3","172.20.0.2","TCP","148","41003 → 54280 [PSH, ACK] Seq=1559 Ack=2490 Win=64384 Len=82 TSval=1346362705 TSecr=3834555696"
"114","24.496951","1698368204.383203000","172.20.0.3","172.20.0.2","TCP","148","41002 → 33766 [PSH, ACK] Seq=1 Ack=373 Win=64896 Len=82 TSval=1346362705 TSecr=3834555697"
"115","24.496987","1698368204.383239000","172.20.0.2","172.20.0.3","TCP","66","54280 → 41003 [ACK] Seq=2490 Ack=1641 Win=64256 Len=0 TSval=3834555697 TSecr=1346362705"
"116","24.496988","1698368204.383240000","172.20.0.2","172.20.0.3","TCP","66","33766 → 41002 [ACK] Seq=373 Ack=83 Win=64256 Len=0 TSval=3834555697 TSecr=1346362705"
"117","25.916698","1698368205.802950000","172.20.0.2","172.20.0.3","TCP","148","54280 → 41003 [PSH, ACK] Seq=2490 Ack=1641 Win=64256 Len=82 TSval=3834557117 TSecr=1346362705"
"118","25.916825","1698368205.803077000","172.20.0.2","172.20.0.3","TCP","148","33766 → 41002 [PSH, ACK] Seq=373 Ack=83 Win=64256 Len=82 TSval=3834557117 TSecr=1346362705"
"119","25.917007","1698368205.803259000","172.20.0.3","172.20.0.2","TCP","148","41002 → 33766 [PSH, ACK] Seq=83 Ack=455 Win=64896 Len=82 TSval=1346364125 TSecr=3834557117"
"120","25.917020","1698368205.803272000","172.20.0.3","172.20.0.2","TCP","148","41003 → 54280 [PSH, ACK] Seq=1641 Ack=2572 Win=64384 Len=82 TSval=1346364125 TSecr=3834557117"
"121","25.917044","1698368205.803296000","172.20.0.2","172.20.0.3","TCP","66","54280 → 41003 [ACK] Seq=2572 Ack=1723 Win=64256 Len=0 TSval=3834557117 TSecr=1346364125"
"122","25.917054","1698368205.803306000","172.20.0.2","172.20.0.3","TCP","66","33766 → 41002 [ACK] Seq=455 Ack=165 Win=64256 Len=0 TSval=3834557117 TSecr=1346364125"
"123","27.336825","1698368207.223077000","172.20.0.2","172.20.0.3","TCP","148","54280 → 41003 [PSH, ACK] Seq=2572 Ack=1723 Win=64256 Len=82 TSval=3834558537 TSecr=1346364125"
"124","27.336925","1698368207.223177000","172.20.0.2","172.20.0.3","TCP","148","33766 → 41002 [PSH, ACK] Seq=455 Ack=165 Win=64256 Len=82 TSval=3834558537 TSecr=1346364125"
"125","27.337227","1698368207.223479000","172.20.0.3","172.20.0.2","TCP","148","41002 → 33766 [PSH, ACK] Seq=165 Ack=537 Win=64896 Len=82 TSval=1346365545 TSecr=3834558537"
"126","27.337227","1698368207.223479000","172.20.0.3","172.20.0.2","TCP","148","41003 → 54280 [PSH, ACK] Seq=1723 Ack=2654 Win=64384 Len=82 TSval=1346365545 TSecr=3834558537"
"127","27.337268","1698368207.223520000","172.20.0.2","172.20.0.3","TCP","66","33766 → 41002 [ACK] Seq=537 Ack=247 Win=64256 Len=0 TSval=3834558537 TSecr=1346365545"
"128","27.337268","1698368207.223520000","172.20.0.2","172.20.0.3","TCP","66","54280 → 41003 [ACK] Seq=2654 Ack=1805 Win=64256 Len=0 TSval=3834558537 TSecr=1346365545"
"129","28.756671","1698368208.642923000","172.20.0.2","172.20.0.3","TCP","148","54280 → 41003 [PSH, ACK] Seq=2654 Ack=1805 Win=64256 Len=82 TSval=3834559957 TSecr=1346365545"
"130","28.756764","1698368208.643016000","172.20.0.2","172.20.0.3","TCP","148","33766 → 41002 [PSH, ACK] Seq=537 Ack=247 Win=64256 Len=82 TSval=3834559957 TSecr=1346365545"
"131","28.756900","1698368208.643152000","172.20.0.3","172.20.0.2","TCP","148","41003 → 54280 [PSH, ACK] Seq=1805 Ack=2736 Win=64384 Len=82 TSval=1346366965 TSecr=3834559957"
"132","28.756941","1698368208.643193000","172.20.0.2","172.20.0.3","TCP","66","54280 → 41003 [ACK] Seq=2736 Ack=1887 Win=64256 Len=0 TSval=3834559957 TSecr=1346366965"
"133","28.757019","1698368208.643271000","172.20.0.3","172.20.0.2","TCP","148","41002 → 33766 [PSH, ACK] Seq=247 Ack=619 Win=64896 Len=82 TSval=1346366965 TSecr=3834559957"
"134","28.757048","1698368208.643300000","172.20.0.2","172.20.0.3","TCP","66","33766 → 41002 [ACK] Seq=619 Ack=329 Win=64256 Len=0 TSval=3834559957 TSecr=1346366965"
"135","30.067282","1698368209.953534000","172.20.0.2","172.20.0.3","TCP","148","54280 → 41003 [PSH, ACK] Seq=2736 Ack=1887 Win=64256 Len=82 TSval=3834561267 TSecr=1346366965"
"136","30.067374","1698368209.953626000","172.20.0.2","172.20.0.3","TCP","148","33766 → 41002 [PSH, ACK] Seq=619 Ack=329 Win=64256 Len=82 TSval=3834561267 TSecr=1346366965"
"137","30.067430","1698368209.953682000","172.20.0.3","172.20.0.2","TCP","148","41003 → 54280 [PSH, ACK] Seq=1887 Ack=2818 Win=64384 Len=82 TSval=1346368275 TSecr=3834561267"
"138","30.067449","1698368209.953701000","172.20.0.2","172.20.0.3","TCP","66","54280 → 41003 [ACK] Seq=2818 Ack=1969 Win=64256 Len=0 TSval=3834561267 TSecr=1346368275"
"139","30.067470","1698368209.953722000","172.20.0.3","172.20.0.2","TCP","148","41002 → 33766 [PSH, ACK] Seq=329 Ack=701 Win=64896 Len=82 TSval=1346368275 TSecr=3834561267"
"140","30.067480","1698368209.953732000","172.20.0.2","172.20.0.3","TCP","66","33766 → 41002 [ACK] Seq=701 Ack=411 Win=64256 Len=0 TSval=3834561267 TSecr=1346368275"
"141","31.488233","1698368211.374485000","172.20.0.2","172.20.0.3","TCP","148","54280 → 41003 [PSH, ACK] Seq=2818 Ack=1969 Win=64256 Len=82 TSval=3834562688 TSecr=1346368275"
"142","31.488388","1698368211.374640000","172.20.0.2","172.20.0.3","TCP","148","33766 → 41002 [PSH, ACK] Seq=701 Ack=411 Win=64256 Len=82 TSval=3834562688 TSecr=1346368275"
"143","31.488453","1698368211.374705000","172.20.0.3","172.20.0.2","TCP","148","41003 → 54280 [PSH, ACK] Seq=1969 Ack=2900 Win=64384 Len=82 TSval=1346369696 TSecr=3834562688"
"144","31.488497","1698368211.374749000","172.20.0.2","172.20.0.3","TCP","66","54280 → 41003 [ACK] Seq=2900 Ack=2051 Win=64256 Len=0 TSval=3834562688 TSecr=1346369696"
"145","31.488590","1698368211.374842000","172.20.0.3","172.20.0.2","TCP","148","41002 → 33766 [PSH, ACK] Seq=411 Ack=783 Win=64896 Len=82 TSval=1346369696 TSecr=3834562688"
"146","31.488609","1698368211.374861000","172.20.0.2","172.20.0.3","TCP","66","33766 → 41002 [ACK] Seq=783 Ack=493 Win=64256 Len=0 TSval=3834562689 TSecr=1346369696"
"147","32.255717","1698368212.141969000","172.20.0.2","172.20.0.3","TCP","238","54280 → 41003 [PSH, ACK] Seq=2900 Ack=2051 Win=64256 Len=172 TSval=3834563456 TSecr=1346369696"
"148","32.299646","1698368212.185898000","172.20.0.3","172.20.0.2","TCP","66","41003 → 54280 [ACK] Seq=2051 Ack=3072 Win=64256 Len=0 TSval=1346370508 TSecr=3834563456"
"149","32.474387","1698368212.360639000","172.20.0.2","172.20.0.3","TCP","7306","54280 → 41003 [PSH, ACK] Seq=3072 Ack=2051 Win=64256 Len=7240 TSval=3834563674 TSecr=1346370508"
"150","32.474456","1698368212.360708000","172.20.0.3","172.20.0.2","TCP","66","41003 → 54280 [ACK] Seq=2051 Ack=10312 Win=61312 Len=0 TSval=1346370682 TSecr=3834563674"
"151","32.474466","1698368212.360718000","172.20.0.2","172.20.0.3","TCP","3245","54280 → 41003 [PSH, ACK] Seq=10312 Ack=2051 Win=64256 Len=3179 TSval=3834563674 TSecr=1346370508"
"152","32.474492","1698368212.360744000","172.20.0.3","172.20.0.2","TCP","66","41003 → 54280 [ACK] Seq=2051 Ack=13491 Win=59136 Len=0 TSval=1346370682 TSecr=3834563674"
"153","32.912541","1698368212.798793000","172.20.0.2","172.20.0.3","TCP","148","33766 → 41002 [PSH, ACK] Seq=783 Ack=493 Win=64256 Len=82 TSval=3834564112 TSecr=1346369696"
"154","32.913110","1698368212.799362000","172.20.0.3","172.20.0.2","TCP","148","41002 → 33766 [PSH, ACK] Seq=493 Ack=865 Win=64896 Len=82 TSval=1346371121 TSecr=3834564112"
"155","32.913131","1698368212.799383000","172.20.0.2","172.20.0.3","TCP","66","33766 → 41002 [ACK] Seq=865 Ack=575 Win=64256 Len=0 TSval=3834564113 TSecr=1346371121"
"156","33.567953","1698368213.454205000","172.20.0.2","172.20.0.3","TCP","148","54280 → 41003 [PSH, ACK] Seq=13491 Ack=2051 Win=64256 Len=82 TSval=3834564768 TSecr=1346370682"
"157","33.568042","1698368213.454294000","172.20.0.3","172.20.0.2","TCP","66","41003 → 54280 [ACK] Seq=2051 Ack=13573 Win=64128 Len=0 TSval=1346371776 TSecr=3834564768"
"158","33.568182","1698368213.454434000","172.20.0.3","172.20.0.2","TCP","148","41003 → 54280 [PSH, ACK] Seq=2051 Ack=13573 Win=64128 Len=82 TSval=1346371776 TSecr=3834564768"
"159","33.568217","1698368213.454469000","172.20.0.2","172.20.0.3","TCP","66","54280 → 41003 [ACK] Seq=13573 Ack=2133 Win=64256 Len=0 TSval=3834564768 TSecr=1346371776"
"160","34.334127","1698368214.220379000","172.20.0.2","172.20.0.3","TCP","148","33766 → 41002 [PSH, ACK] Seq=865 Ack=575 Win=64256 Len=82 TSval=3834565534 TSecr=1346371121"
"161","34.334266","1698368214.220518000","172.20.0.3","172.20.0.2","TCP","148","41002 → 33766 [PSH, ACK] Seq=575 Ack=947 Win=64896 Len=82 TSval=1346372542 TSecr=3834565534"
"162","34.334285","1698368214.220537000","172.20.0.2","172.20.0.3","TCP","66","33766 → 41002 [ACK] Seq=947 Ack=657 Win=64256 Len=0 TSval=3834565534 TSecr=1346372542"
"163","34.989394","1698368214.875646000","172.20.0.2","172.20.0.3","TCP","148","54280 → 41003 [PSH, ACK] Seq=13573 Ack=2133 Win=64256 Len=82 TSval=3834566189 TSecr=1346371776"
"164","34.989598","1698368214.875850000","172.20.0.3","172.20.0.2","TCP","148","41003 → 54280 [PSH, ACK] Seq=2133 Ack=13655 Win=64128 Len=82 TSval=1346373197 TSecr=3834566189"
"165","34.989628","1698368214.875880000","172.20.0.2","172.20.0.3","TCP","66","54280 → 41003 [ACK] Seq=13655 Ack=2215 Win=64256 Len=0 TSval=3834566190 TSecr=1346373197"
"166","35.317540","1698368215.203792000","172.20.0.2","172.20.0.3","TCP","2712","54280 → 41003 [PSH, ACK] Seq=13655 Ack=2215 Win=64256 Len=2646 TSval=3834566517 TSecr=1346373197"
"167","35.317681","1698368215.203933000","172.20.0.3","172.20.0.2","TCP","66","41003 → 54280 [ACK] Seq=2215 Ack=16301 Win=64128 Len=0 TSval=1346373526 TSecr=3834566517"
"168","35.756046","1698368215.642298000","172.20.0.2","172.20.0.3","TCP","1035","54280 → 41003 [PSH, ACK] Seq=16301 Ack=2215 Win=64256 Len=969 TSval=3834566956 TSecr=1346373526"
"169","35.756179","1698368215.642431000","172.20.0.2","172.20.0.3","TCP","148","33766 → 41002 [PSH, ACK] Seq=947 Ack=657 Win=64256 Len=82 TSval=3834566956 TSecr=1346372542"
"170","35.756629","1698368215.642881000","172.20.0.3","172.20.0.2","TCP","148","41002 → 33766 [PSH, ACK] Seq=657 Ack=1029 Win=64896 Len=82 TSval=1346373965 TSecr=3834566956"
"171","35.756648","1698368215.642900000","172.20.0.2","172.20.0.3","TCP","66","33766 → 41002 [ACK] Seq=1029 Ack=739 Win=64256 Len=0 TSval=3834566957 TSecr=1346373965"
"172","35.799647","1698368215.685899000","172.20.0.3","172.20.0.2","TCP","66","41003 → 54280 [ACK] Seq=2215 Ack=17270 Win=64128 Len=0 TSval=1346374008 TSecr=3834566956"
"173","36.412099","1698368216.298351000","172.20.0.2","172.20.0.3","TCP","7306","54280 → 41003 [PSH, ACK] Seq=17270 Ack=2215 Win=64256 Len=7240 TSval=3834567612 TSecr=1346374008"
"174","36.412140","1698368216.298392000","172.20.0.3","172.20.0.2","TCP","66","41003 → 54280 [ACK] Seq=2215 Ack=24510 Win=61312 Len=0 TSval=1346374620 TSecr=3834567612"
"175","36.412150","1698368216.298402000","172.20.0.2","172.20.0.3","TCP","5022","54280 → 41003 [PSH, ACK] Seq=24510 Ack=2215 Win=64256 Len=4956 TSval=3834567612 TSecr=1346374008"
"176","36.412174","1698368216.298426000","172.20.0.3","172.20.0.2","TCP","66","41003 → 54280 [ACK] Seq=2215 Ack=29466 Win=58240 Len=0 TSval=1346374620 TSecr=3834567612"
"177","36.521407","1698368216.407659000","172.20.0.2","172.20.0.3","TCP","148","54280 → 41003 [PSH, ACK] Seq=29466 Ack=2215 Win=64256 Len=82 TSval=3834567721 TSecr=1346374620"
"178","36.521452","1698368216.407704000","172.20.0.3","172.20.0.2","TCP","66","41003 → 54280 [ACK] Seq=2215 Ack=29548 Win=64128 Len=0 TSval=1346374729 TSecr=3834567721"
"179","36.521539","1698368216.407791000","172.20.0.3","172.20.0.2","TCP","148","41003 → 54280 [PSH, ACK] Seq=2215 Ack=29548 Win=64128 Len=82 TSval=1346374729 TSecr=3834567721"
"180","36.521559","1698368216.407811000","172.20.0.2","172.20.0.3","TCP","66","54280 → 41003 [ACK] Seq=29548 Ack=2297 Win=64256 Len=0 TSval=3834567721 TSecr=1346374729"
"181","36.739974","1698368216.626226000","172.20.0.2","172.20.0.3","TCP","7306","54280 → 41003 [PSH, ACK] Seq=29548 Ack=2297 Win=64256 Len=7240 TSval=3834567940 TSecr=1346374729"
"182","36.740011","1698368216.626263000","172.20.0.2","172.20.0.3","TCP","3366","54280 → 41003 [PSH, ACK] Seq=36788 Ack=2297 Win=64256 Len=3300 TSval=3834567940 TSecr=1346374729"
"183","36.740126","1698368216.626378000","172.20.0.3","172.20.0.2","TCP","66","41003 → 54280 [ACK] Seq=2297 Ack=40088 Win=64128 Len=0 TSval=1346374948 TSecr=3834567940"
"184","36.849509","1698368216.735761000","172.20.0.2","172.20.0.3","TCP","10814","54280 → 41003 [PSH, ACK] Seq=40088 Ack=2297 Win=64256 Len=10748 TSval=3834568049 TSecr=1346374948"
"185","36.849593","1698368216.735845000","172.20.0.2","172.20.0.3","TCP","148","33766 → 41002 [PSH, ACK] Seq=1029 Ack=739 Win=64256 Len=82 TSval=3834568049 TSecr=1346373965"
"186","36.849722","1698368216.735974000","172.20.0.3","172.20.0.2","TCP","66","41003 → 54280 [ACK] Seq=2297 Ack=50836 Win=64128 Len=0 TSval=1346375058 TSecr=3834568049"
"187","36.851294","1698368216.737546000","172.20.0.3","172.20.0.2","TCP","148","41002 → 33766 [PSH, ACK] Seq=739 Ack=1111 Win=64896 Len=82 TSval=1346375059 TSecr=3834568049"
"188","36.851319","1698368216.737571000","172.20.0.2","172.20.0.3","TCP","66","33766 → 41002 [ACK] Seq=1111 Ack=821 Win=64256 Len=0 TSval=3834568051 TSecr=1346375059"
"189","36.958885","1698368216.845137000","172.20.0.2","172.20.0.3","TCP","1074","54280 → 41003 [PSH, ACK] Seq=50836 Ack=2297 Win=64256 Len=1008 TSval=3834568159 TSecr=1346375058"
"190","36.999639","1698368216.885891000","172.20.0.3","172.20.0.2","TCP","66","41003 → 54280 [ACK] Seq=2297 Ack=51844 Win=64128 Len=0 TSval=1346375208 TSecr=3834568159"
"191","37.449967","1698368217.336219000","172.20.0.2","172.20.0.3","TCP","6784","54280 → 41003 [PSH, ACK] Seq=51844 Ack=2297 Win=64256 Len=6718 TSval=3834568650 TSecr=1346375208"
"192","37.450010","1698368217.336262000","172.20.0.3","172.20.0.2","TCP","66","41003 → 54280 [ACK] Seq=2297 Ack=58562 Win=61568 Len=0 TSval=1346375658 TSecr=3834568650"
"193","38.324234","1698368218.210486000","172.20.0.2","172.20.0.3","TCP","148","33766 → 41002 [PSH, ACK] Seq=1111 Ack=821 Win=64256 Len=82 TSval=3834569524 TSecr=1346375059"
"194","38.324430","1698368218.210682000","172.20.0.3","172.20.0.2","TCP","148","41002 → 33766 [PSH, ACK] Seq=821 Ack=1193 Win=64896 Len=82 TSval=1346376532 TSecr=3834569524"
"195","38.324446","1698368218.210698000","172.20.0.2","172.20.0.3","TCP","66","33766 → 41002 [ACK] Seq=1193 Ack=903 Win=64256 Len=0 TSval=3834569524 TSecr=1346376532"
"196","38.354456","1698368218.240708000","172.20.0.2","172.20.0.3","TCP","7306","54280 → 41003 [PSH, ACK] Seq=58562 Ack=2297 Win=64256 Len=7240 TSval=3834569554 TSecr=1346375658"
"197","38.354504","1698368218.240756000","172.20.0.3","172.20.0.2","TCP","66","41003 → 54280 [ACK] Seq=2297 Ack=65802 Win=61312 Len=0 TSval=1346376562 TSecr=3834569554"
"198","38.354514","1698368218.240766000","172.20.0.2","172.20.0.3","TCP","3578","54280 → 41003 [PSH, ACK] Seq=65802 Ack=2297 Win=64256 Len=3512 TSval=3834569554 TSecr=1346375658"
"199","38.354540","1698368218.240792000","172.20.0.3","172.20.0.2","TCP","66","41003 → 54280 [ACK] Seq=2297 Ack=69314 Win=58880 Len=0 TSval=1346376562 TSecr=3834569554"
"200","38.465031","1698368218.351283000","172.20.0.2","172.20.0.3","TCP","6449","54280 → 41003 [PSH, ACK] Seq=69314 Ack=2297 Win=64256 Len=6383 TSval=3834569665 TSecr=1346376562"
"201","38.465073","1698368218.351325000","172.20.0.3","172.20.0.2","TCP","66","41003 → 54280 [ACK] Seq=2297 Ack=75697 Win=61824 Len=0 TSval=1346376673 TSecr=3834569665"
"202","39.361356","1698368219.247608000","172.20.0.2","172.20.0.3","TCP","7306","54280 → 41003 [PSH, ACK] Seq=75697 Ack=2297 Win=64256 Len=7240 TSval=3834570561 TSecr=1346376673"
"203","39.361417","1698368219.247669000","172.20.0.3","172.20.0.2","TCP","66","41003 → 54280 [ACK] Seq=2297 Ack=82937 Win=61312 Len=0 TSval=1346377569 TSecr=3834570561"
"204","39.361428","1698368219.247680000","172.20.0.2","172.20.0.3","TCP","3578","54280 → 41003 [PSH, ACK] Seq=82937 Ack=2297 Win=64256 Len=3512 TSval=3834570561 TSecr=1346376673"
"205","39.361456","1698368219.247708000","172.20.0.3","172.20.0.2","TCP","66","41003 → 54280 [ACK] Seq=2297 Ack=86449 Win=58880 Len=0 TSval=1346377569 TSecr=3834570561"
"206","39.581236","1698368219.467488000","172.20.0.2","172.20.0.3","TCP","6112","54280 → 41003 [PSH, ACK] Seq=86449 Ack=2297 Win=64256 Len=6046 TSval=3834570781 TSecr=1346377569"
"207","39.581277","1698368219.467529000","172.20.0.3","172.20.0.2","TCP","66","41003 → 54280 [ACK] Seq=2297 Ack=92495 Win=71040 Len=0 TSval=1346377789 TSecr=3834570781"
"208","39.581327","1698368219.467579000","172.20.0.2","172.20.0.3","TCP","148","33766 → 41002 [PSH, ACK] Seq=1193 Ack=903 Win=64256 Len=82 TSval=3834570781 TSecr=1346376532"
"209","39.581454","1698368219.467706000","172.20.0.3","172.20.0.2","TCP","148","41002 → 33766 [PSH, ACK] Seq=903 Ack=1275 Win=64896 Len=82 TSval=1346377789 TSecr=3834570781"
"210","39.581479","1698368219.467731000","172.20.0.2","172.20.0.3","TCP","66","33766 → 41002 [ACK] Seq=1275 Ack=985 Win=64256 Len=0 TSval=3834570781 TSecr=1346377789"
"211","40.455499","1698368220.341751000","172.20.0.2","172.20.0.3","TCP","7306","54280 → 41003 [PSH, ACK] Seq=92495 Ack=2297 Win=64256 Len=7240 TSval=3834571655 TSecr=1346377789"
"212","40.455552","1698368220.341804000","172.20.0.3","172.20.0.2","TCP","66","41003 → 54280 [ACK] Seq=2297 Ack=99735 Win=70400 Len=0 TSval=1346378663 TSecr=3834571655"
"213","40.455563","1698368220.341815000","172.20.0.2","172.20.0.3","TCP","3128","54280 → 41003 [PSH, ACK] Seq=99735 Ack=2297 Win=64256 Len=3062 TSval=3834571655 TSecr=1346377789"
"214","40.455605","1698368220.341857000","172.20.0.3","172.20.0.2","TCP","66","41003 → 54280 [ACK] Seq=2297 Ack=102797 Win=68224 Len=0 TSval=1346378663 TSecr=3834571655"
"215","40.564908","1698368220.451160000","172.20.0.2","172.20.0.3","TCP","148","54280 → 41003 [PSH, ACK] Seq=102797 Ack=2297 Win=64256 Len=82 TSval=3834571765 TSecr=1346378663"
"216","40.564963","1698368220.451215000","172.20.0.3","172.20.0.2","TCP","66","41003 → 54280 [ACK] Seq=2297 Ack=102879 Win=71040 Len=0 TSval=1346378773 TSecr=3834571765"
"217","40.565120","1698368220.451372000","172.20.0.3","172.20.0.2","TCP","148","41003 → 54280 [PSH, ACK] Seq=2297 Ack=102879 Win=71040 Len=82 TSval=1346378773 TSecr=3834571765"
"218","40.565138","1698368220.451390000","172.20.0.2","172.20.0.3","TCP","66","54280 → 41003 [ACK] Seq=102879 Ack=2379 Win=64256 Len=0 TSval=3834571765 TSecr=1346378773"
"219","40.674286","1698368220.560538000","172.20.0.2","172.20.0.3","TCP","148","33766 → 41002 [PSH, ACK] Seq=1275 Ack=985 Win=64256 Len=82 TSval=3834571874 TSecr=1346377789"
"220","40.674426","1698368220.560678000","172.20.0.3","172.20.0.2","TCP","148","41002 → 33766 [PSH, ACK] Seq=985 Ack=1357 Win=64896 Len=82 TSval=1346378882 TSecr=3834571874"
"221","40.674447","1698368220.560699000","172.20.0.2","172.20.0.3","TCP","66","33766 → 41002 [ACK] Seq=1357 Ack=1067 Win=64256 Len=0 TSval=3834571874 TSecr=1346378882"
"222","40.783629","1698368220.669881000","172.20.0.2","172.20.0.3","TCP","7306","54280 → 41003 [PSH, ACK] Seq=102879 Ack=2379 Win=64256 Len=7240 TSval=3834571984 TSecr=1346378773"
"223","40.783668","1698368220.669920000","172.20.0.2","172.20.0.3","TCP","677","54280 → 41003 [PSH, ACK] Seq=110119 Ack=2379 Win=64256 Len=611 TSval=3834571984 TSecr=1346378773"
"224","40.783783","1698368220.670035000","172.20.0.3","172.20.0.2","TCP","66","41003 → 54280 [ACK] Seq=2379 Ack=110730 Win=71040 Len=0 TSval=1346378992 TSecr=3834571984"
"225","41.371520","1698368221.257772000","172.20.0.2","172.20.0.3","TCP","7306","54280 → 41003 [PSH, ACK] Seq=110730 Ack=2379 Win=64256 Len=7240 TSval=3834572571 TSecr=1346378992"
"226","41.371570","1698368221.257822000","172.20.0.2","172.20.0.3","TCP","3442","54280 → 41003 [PSH, ACK] Seq=117970 Ack=2379 Win=64256 Len=3376 TSval=3834572571 TSecr=1346378992"
"227","41.371790","1698368221.258042000","172.20.0.3","172.20.0.2","TCP","66","41003 → 54280 [ACK] Seq=2379 Ack=121346 Win=71040 Len=0 TSval=1346379580 TSecr=3834572571"
"228","41.590300","1698368221.476552000","172.20.0.2","172.20.0.3","TCP","7306","54280 → 41003 [PSH, ACK] Seq=121346 Ack=2379 Win=64256 Len=7240 TSval=3834572790 TSecr=1346379580"
"229","41.590344","1698368221.476596000","172.20.0.2","172.20.0.3","TCP","552","54280 → 41003 [PSH, ACK] Seq=128586 Ack=2379 Win=64256 Len=486 TSval=3834572790 TSecr=1346379580"
"230","41.590508","1698368221.476760000","172.20.0.3","172.20.0.2","TCP","66","41003 → 54280 [ACK] Seq=2379 Ack=129072 Win=71040 Len=0 TSval=1346379798 TSecr=3834572790"
"231","42.027152","1698368221.913404000","172.20.0.2","172.20.0.3","TCP","148","33766 → 41002 [PSH, ACK] Seq=1357 Ack=1067 Win=64256 Len=82 TSval=3834573227 TSecr=1346378882"
"232","42.027285","1698368221.913537000","172.20.0.3","172.20.0.2","TCP","148","41002 → 33766 [PSH, ACK] Seq=1067 Ack=1439 Win=64896 Len=82 TSval=1346380235 TSecr=3834573227"
"233","42.027313","1698368221.913565000","172.20.0.2","172.20.0.3","TCP","66","33766 → 41002 [ACK] Seq=1439 Ack=1149 Win=64256 Len=0 TSval=3834573227 TSecr=1346380235"
"234","42.573500","1698368222.459752000","172.20.0.2","172.20.0.3","TCP","6114","54280 → 41003 [PSH, ACK] Seq=129072 Ack=2379 Win=64256 Len=6048 TSval=3834573773 TSecr=1346379798"
"235","42.573541","1698368222.459793000","172.20.0.3","172.20.0.2","TCP","66","41003 → 54280 [ACK] Seq=2379 Ack=135120 Win=71040 Len=0 TSval=1346380781 TSecr=3834573773"
"236","42.682908","1698368222.569160000","172.20.0.2","172.20.0.3","TCP","148","54280 → 41003 [PSH, ACK] Seq=135120 Ack=2379 Win=64256 Len=82 TSval=3834573883 TSecr=1346380781"
"237","42.683069","1698368222.569321000","172.20.0.3","172.20.0.2","TCP","148","41003 → 54280 [PSH, ACK] Seq=2379 Ack=135202 Win=71040 Len=82 TSval=1346380891 TSecr=3834573883"
"238","42.683086","1698368222.569338000","172.20.0.2","172.20.0.3","TCP","66","54280 → 41003 [ACK] Seq=135202 Ack=2461 Win=64256 Len=0 TSval=3834573883 TSecr=1346380891"
"239","43.388585","1698368223.274837000","172.20.0.2","172.20.0.3","TCP","7306","54280 → 41003 [PSH, ACK] Seq=135202 Ack=2461 Win=64256 Len=7240 TSval=3834574588 TSecr=1346380891"
"240","43.388626","1698368223.274878000","172.20.0.2","172.20.0.3","TCP","3578","54280 → 41003 [PSH, ACK] Seq=142442 Ack=2461 Win=64256 Len=3512 TSval=3834574588 TSecr=1346380891"
"241","43.388730","1698368223.274982000","172.20.0.2","172.20.0.3","TCP","148","33766 → 41002 [PSH, ACK] Seq=1439 Ack=1149 Win=64256 Len=82 TSval=3834574589 TSecr=1346380235"
"242","43.388765","1698368223.275017000","172.20.0.3","172.20.0.2","TCP","66","41003 → 54280 [ACK] Seq=2461 Ack=145954 Win=71040 Len=0 TSval=1346381597 TSecr=3834574588"
"243","43.389400","1698368223.275652000","172.20.0.3","172.20.0.2","TCP","148","41002 → 33766 [PSH, ACK] Seq=1149 Ack=1521 Win=64896 Len=82 TSval=1346381597 TSecr=3834574589"
"244","43.389418","1698368223.275670000","172.20.0.2","172.20.0.3","TCP","66","33766 → 41002 [ACK] Seq=1521 Ack=1231 Win=64256 Len=0 TSval=3834574589 TSecr=1346381597"
"245","43.498079","1698368223.384331000","172.20.0.2","172.20.0.3","TCP","6112","54280 → 41003 [PSH, ACK] Seq=145954 Ack=2461 Win=64256 Len=6046 TSval=3834574698 TSecr=1346381597"
"246","43.498136","1698368223.384388000","172.20.0.3","172.20.0.2","TCP","66","41003 → 54280 [ACK] Seq=2461 Ack=152000 Win=71040 Len=0 TSval=1346381706 TSecr=3834574698"
"247","44.480859","1698368224.367111000","172.20.0.2","172.20.0.3","TCP","7306","54280 → 41003 [PSH, ACK] Seq=152000 Ack=2461 Win=64256 Len=7240 TSval=3834575681 TSecr=1346381706"
"248","44.480900","1698368224.367152000","172.20.0.2","172.20.0.3","TCP","3576","54280 → 41003 [PSH, ACK] Seq=159240 Ack=2461 Win=64256 Len=3510 TSval=3834575681 TSecr=1346381706"
"249","44.481093","1698368224.367345000","172.20.0.3","172.20.0.2","TCP","66","41003 → 54280 [ACK] Seq=2461 Ack=162750 Win=71040 Len=0 TSval=1346382689 TSecr=3834575681"
"250","44.590421","1698368224.476673000","172.20.0.2","172.20.0.3","TCP","148","54280 → 41003 [PSH, ACK] Seq=162750 Ack=2461 Win=64256 Len=82 TSval=3834575790 TSecr=1346382689"
"251","44.590477","1698368224.476729000","172.20.0.2","172.20.0.3","TCP","148","33766 → 41002 [PSH, ACK] Seq=1521 Ack=1231 Win=64256 Len=82 TSval=3834575790 TSecr=1346381597"
"252","44.590547","1698368224.476799000","172.20.0.3","172.20.0.2","TCP","148","41003 → 54280 [PSH, ACK] Seq=2461 Ack=162832 Win=71040 Len=82 TSval=1346382798 TSecr=3834575790"
"253","44.590567","1698368224.476819000","172.20.0.2","172.20.0.3","TCP","66","54280 → 41003 [ACK] Seq=162832 Ack=2543 Win=64256 Len=0 TSval=3834575790 TSecr=1346382798"
"254","44.590602","1698368224.476854000","172.20.0.3","172.20.0.2","TCP","148","41002 → 33766 [PSH, ACK] Seq=1231 Ack=1603 Win=64896 Len=82 TSval=1346382798 TSecr=3834575790"
"255","44.590618","1698368224.476870000","172.20.0.2","172.20.0.3","TCP","66","33766 → 41002 [ACK] Seq=1603 Ack=1313 Win=64256 Len=0 TSval=3834575791 TSecr=1346382798"
"256","44.699813","1698368224.586065000","172.20.0.2","172.20.0.3","TCP","3762","54280 → 41003 [PSH, ACK] Seq=162832 Ack=2543 Win=64256 Len=3696 TSval=3834575900 TSecr=1346382798"
"257","44.699879","1698368224.586131000","172.20.0.3","172.20.0.2","TCP","66","41003 → 54280 [ACK] Seq=2543 Ack=166528 Win=72192 Len=0 TSval=1346382908 TSecr=3834575900"
"258","45.465467","1698368225.351719000","172.20.0.2","172.20.0.3","TCP","7306","54280 → 41003 [PSH, ACK] Seq=166528 Ack=2543 Win=64256 Len=7240 TSval=3834576665 TSecr=1346382908"
"259","45.465510","1698368225.351762000","172.20.0.2","172.20.0.3","TCP","3366","54280 → 41003 [PSH, ACK] Seq=173768 Ack=2543 Win=64256 Len=3300 TSval=3834576665 TSecr=1346382908"
"260","45.465609","1698368225.351861000","172.20.0.3","172.20.0.2","TCP","66","41003 → 54280 [ACK] Seq=2543 Ack=177068 Win=72192 Len=0 TSval=1346383673 TSecr=3834576665"
"261","45.684622","1698368225.570874000","172.20.0.2","172.20.0.3","TCP","7120","54280 → 41003 [PSH, ACK] Seq=177068 Ack=2543 Win=64256 Len=7054 TSval=3834576885 TSecr=1346383673"
"262","45.684803","1698368225.571055000","172.20.0.3","172.20.0.2","TCP","66","41003 → 54280 [ACK] Seq=2543 Ack=184122 Win=72192 Len=0 TSval=1346383893 TSecr=3834576885"
"263","46.123082","1698368226.009334000","172.20.0.2","172.20.0.3","TCP","148","33766 → 41002 [PSH, ACK] Seq=1603 Ack=1313 Win=64256 Len=82 TSval=3834577323 TSecr=1346382798"
"264","46.123274","1698368226.009526000","172.20.0.3","172.20.0.2","TCP","148","41002 → 33766 [PSH, ACK] Seq=1313 Ack=1685 Win=64896 Len=82 TSval=1346384331 TSecr=3834577323"
"265","46.123292","1698368226.009544000","172.20.0.2","172.20.0.3","TCP","66","33766 → 41002 [ACK] Seq=1685 Ack=1395 Win=64256 Len=0 TSval=3834577323 TSecr=1346384331"
"266","46.393595","1698368226.279847000","172.20.0.2","172.20.0.3","TCP","7306","54280 → 41003 [PSH, ACK] Seq=184122 Ack=2543 Win=64256 Len=7240 TSval=3834577593 TSecr=1346383893"
"267","46.393648","1698368226.279900000","172.20.0.2","172.20.0.3","TCP","3442","54280 → 41003 [PSH, ACK] Seq=191362 Ack=2543 Win=64256 Len=3376 TSval=3834577593 TSecr=1346383893"
"268","46.393844","1698368226.280096000","172.20.0.3","172.20.0.2","TCP","66","41003 → 54280 [ACK] Seq=2543 Ack=194738 Win=72192 Len=0 TSval=1346384602 TSecr=3834577593"
"269","46.612195","1698368226.498447000","172.20.0.2","172.20.0.3","TCP","7306","54280 → 41003 [PSH, ACK] Seq=194738 Ack=2543 Win=64256 Len=7240 TSval=3834577812 TSecr=1346384602"
"270","46.612233","1698368226.498485000","172.20.0.2","172.20.0.3","TCP","552","54280 → 41003 [PSH, ACK] Seq=201978 Ack=2543 Win=64256 Len=486 TSval=3834577812 TSecr=1346384602"
"271","46.612346","1698368226.498598000","172.20.0.3","172.20.0.2","TCP","66","41003 → 54280 [ACK] Seq=2543 Ack=202464 Win=72192 Len=0 TSval=1346384820 TSecr=3834577812"
"272","47.409551","1698368227.295803000","172.20.0.2","172.20.0.3","TCP","7306","54280 → 41003 [PSH, ACK] Seq=202464 Ack=2543 Win=64256 Len=7240 TSval=3834578609 TSecr=1346384820"
"273","47.409592","1698368227.295844000","172.20.0.2","172.20.0.3","TCP","3578","54280 → 41003 [PSH, ACK] Seq=209704 Ack=2543 Win=64256 Len=3512 TSval=3834578609 TSecr=1346384820"
"274","47.409698","1698368227.295950000","172.20.0.2","172.20.0.3","TCP","148","33766 → 41002 [PSH, ACK] Seq=1685 Ack=1395 Win=64256 Len=82 TSval=3834578610 TSecr=1346384331"
"275","47.409706","1698368227.295958000","172.20.0.3","172.20.0.2","TCP","66","41003 → 54280 [ACK] Seq=2543 Ack=213216 Win=72192 Len=0 TSval=1346385618 TSecr=3834578609"
"276","47.411454","1698368227.297706000","172.20.0.3","172.20.0.2","TCP","148","41002 → 33766 [PSH, ACK] Seq=1395 Ack=1767 Win=64896 Len=82 TSval=1346385619 TSecr=3834578610"
"277","47.411472","1698368227.297724000","172.20.0.2","172.20.0.3","TCP","66","33766 → 41002 [ACK] Seq=1767 Ack=1477 Win=64256 Len=0 TSval=3834578611 TSecr=1346385619"
"278","47.519985","1698368227.406237000","172.20.0.2","172.20.0.3","TCP","6112","54280 → 41003 [PSH, ACK] Seq=213216 Ack=2543 Win=64256 Len=6046 TSval=3834578720 TSecr=1346385618"
"279","47.520072","1698368227.406324000","172.20.0.3","172.20.0.2","TCP","66","41003 → 54280 [ACK] Seq=2543 Ack=219262 Win=72192 Len=0 TSval=1346385728 TSecr=3834578720"
"280","48.503127","1698368228.389379000","172.20.0.2","172.20.0.3","TCP","7306","54280 → 41003 [PSH, ACK] Seq=219262 Ack=2543 Win=64256 Len=7240 TSval=3834579703 TSecr=1346385728"
"281","48.503157","1698368228.389409000","172.20.0.2","172.20.0.3","TCP","3578","54280 → 41003 [PSH, ACK] Seq=226502 Ack=2543 Win=64256 Len=3512 TSval=3834579703 TSecr=1346385728"
"282","48.503757","1698368228.390009000","172.20.0.3","172.20.0.2","TCP","66","41003 → 54280 [ACK] Seq=2543 Ack=230014 Win=72192 Len=0 TSval=1346386712 TSecr=3834579703"
"283","48.612655","1698368228.498907000","172.20.0.2","172.20.0.3","TCP","148","54280 → 41003 [PSH, ACK] Seq=230014 Ack=2543 Win=64256 Len=82 TSval=3834579813 TSecr=1346386712"
"284","48.612707","1698368228.498959000","172.20.0.2","172.20.0.3","TCP","148","33766 → 41002 [PSH, ACK] Seq=1767 Ack=1477 Win=64256 Len=82 TSval=3834579813 TSecr=1346385619"
"285","48.612793","1698368228.499045000","172.20.0.3","172.20.0.2","TCP","148","41003 → 54280 [PSH, ACK] Seq=2543 Ack=230096 Win=72192 Len=82 TSval=1346386821 TSecr=3834579813"
"286","48.612809","1698368228.499061000","172.20.0.2","172.20.0.3","TCP","66","54280 → 41003 [ACK] Seq=230096 Ack=2625 Win=64256 Len=0 TSval=3834579813 TSecr=1346386821"
"287","48.612895","1698368228.499147000","172.20.0.3","172.20.0.2","TCP","148","41002 → 33766 [PSH, ACK] Seq=1477 Ack=1849 Win=64896 Len=82 TSval=1346386821 TSecr=3834579813"
"288","48.612907","1698368228.499159000","172.20.0.2","172.20.0.3","TCP","66","33766 → 41002 [ACK] Seq=1849 Ack=1559 Win=64256 Len=0 TSval=3834579813 TSecr=1346386821"
"289","48.722139","1698368228.608391000","172.20.0.2","172.20.0.3","TCP","5440","54280 → 41003 [PSH, ACK] Seq=230096 Ack=2625 Win=64256 Len=5374 TSval=3834579922 TSecr=1346386821"
"290","48.722393","1698368228.608645000","172.20.0.3","172.20.0.2","TCP","66","41003 → 54280 [ACK] Seq=2625 Ack=235470 Win=72192 Len=0 TSval=1346386930 TSecr=3834579922"
"291","49.486844","1698368229.373096000","172.20.0.2","172.20.0.3","TCP","7306","54280 → 41003 [PSH, ACK] Seq=235470 Ack=2625 Win=64256 Len=7240 TSval=3834580687 TSecr=1346386930"
"292","49.486879","1698368229.373131000","172.20.0.2","172.20.0.3","TCP","3361","54280 → 41003 [PSH, ACK] Seq=242710 Ack=2625 Win=64256 Len=3295 TSval=3834580687 TSecr=1346386930"
"293","49.487082","1698368229.373334000","172.20.0.3","172.20.0.2","TCP","66","41003 → 54280 [ACK] Seq=2625 Ack=246005 Win=72192 Len=0 TSval=1346387695 TSecr=3834580687"
"294","49.705374","1698368229.591626000","172.20.0.2","172.20.0.3","TCP","2418","54280 → 41003 [PSH, ACK] Seq=246005 Ack=2625 Win=64256 Len=2352 TSval=3834580905 TSecr=1346387695"
"295","49.705417","1698368229.591669000","172.20.0.3","172.20.0.2","TCP","66","41003 → 54280 [ACK] Seq=2625 Ack=248357 Win=72832 Len=0 TSval=1346387913 TSecr=3834580905"
"296","50.142234","1698368230.028486000","172.20.0.2","172.20.0.3","TCP","148","33766 → 41002 [PSH, ACK] Seq=1849 Ack=1559 Win=64256 Len=82 TSval=3834581342 TSecr=1346386821"
"297","50.142329","1698368230.028581000","172.20.0.3","172.20.0.2","TCP","148","41002 → 33766 [PSH, ACK] Seq=1559 Ack=1931 Win=64896 Len=82 TSval=1346388350 TSecr=3834581342"
"298","50.142344","1698368230.028596000","172.20.0.2","172.20.0.3","TCP","66","33766 → 41002 [ACK] Seq=1931 Ack=1641 Win=64256 Len=0 TSval=3834581342 TSecr=1346388350"
"299","50.415067","1698368230.301319000","172.20.0.2","172.20.0.3","TCP","7306","54280 → 41003 [PSH, ACK] Seq=248357 Ack=2625 Win=64256 Len=7240 TSval=3834581615 TSecr=1346387913"
"300","50.415103","1698368230.301355000","172.20.0.2","172.20.0.3","TCP","3578","54280 → 41003 [PSH, ACK] Seq=255597 Ack=2625 Win=64256 Len=3512 TSval=3834581615 TSecr=1346387913"
"301","50.415263","1698368230.301515000","172.20.0.3","172.20.0.2","TCP","66","41003 → 54280 [ACK] Seq=2625 Ack=259109 Win=72832 Len=0 TSval=1346388623 TSecr=3834581615"
"302","50.633613","1698368230.519865000","172.20.0.2","172.20.0.3","TCP","6112","54280 → 41003 [PSH, ACK] Seq=259109 Ack=2625 Win=64256 Len=6046 TSval=3834581834 TSecr=1346388623"
"303","50.633703","1698368230.519955000","172.20.0.3","172.20.0.2","TCP","66","41003 → 54280 [ACK] Seq=2625 Ack=265155 Win=72832 Len=0 TSval=1346388842 TSecr=3834581834"
"304","51.425147","1698368231.311399000","172.20.0.2","172.20.0.3","TCP","7306","54280 → 41003 [PSH, ACK] Seq=265155 Ack=2625 Win=64256 Len=7240 TSval=3834582625 TSecr=1346388842"
"305","51.425184","1698368231.311436000","172.20.0.2","172.20.0.3","TCP","3442","54280 → 41003 [PSH, ACK] Seq=272395 Ack=2625 Win=64256 Len=3376 TSval=3834582625 TSecr=1346388842"
"306","51.425296","1698368231.311548000","172.20.0.2","172.20.0.3","TCP","148","33766 → 41002 [PSH, ACK] Seq=1931 Ack=1641 Win=64256 Len=82 TSval=3834582625 TSecr=1346388350"
"307","51.425459","1698368231.311711000","172.20.0.3","172.20.0.2","TCP","148","41002 → 33766 [PSH, ACK] Seq=1641 Ack=2013 Win=64896 Len=82 TSval=1346389633 TSecr=3834582625"
"308","51.425473","1698368231.311725000","172.20.0.2","172.20.0.3","TCP","66","33766 → 41002 [ACK] Seq=2013 Ack=1723 Win=64256 Len=0 TSval=3834582625 TSecr=1346389633"
"309","51.425553","1698368231.311805000","172.20.0.3","172.20.0.2","TCP","66","41003 → 54280 [ACK] Seq=2625 Ack=275771 Win=72832 Len=0 TSval=1346389633 TSecr=3834582625"
"310","51.537084","1698368231.423336000","172.20.0.2","172.20.0.3","TCP","7792","54280 → 41003 [PSH, ACK] Seq=275771 Ack=2625 Win=64256 Len=7726 TSval=3834582737 TSecr=1346389633"
"311","51.537230","1698368231.423482000","172.20.0.3","172.20.0.2","TCP","66","41003 → 54280 [ACK] Seq=2625 Ack=283497 Win=72832 Len=0 TSval=1346389745 TSecr=3834582737"
"312","52.519829","1698368232.406081000","172.20.0.2","172.20.0.3","TCP","7306","54280 → 41003 [PSH, ACK] Seq=283497 Ack=2625 Win=64256 Len=7240 TSval=3834583720 TSecr=1346389745"
"313","52.519868","1698368232.406120000","172.20.0.2","172.20.0.3","TCP","6673","54280 → 41003 [PSH, ACK] Seq=290737 Ack=2625 Win=64256 Len=6607 TSval=3834583720 TSecr=1346389745"
"314","52.519997","1698368232.406249000","172.20.0.3","172.20.0.2","TCP","66","41003 → 54280 [ACK] Seq=2625 Ack=297344 Win=72832 Len=0 TSval=1346390728 TSecr=3834583720"
"315","52.629251","1698368232.515503000","172.20.0.2","172.20.0.3","TCP","148","54280 → 41003 [PSH, ACK] Seq=297344 Ack=2625 Win=64256 Len=82 TSval=3834583829 TSecr=1346390728"
"316","52.629303","1698368232.515555000","172.20.0.2","172.20.0.3","TCP","148","33766 → 41002 [PSH, ACK] Seq=2013 Ack=1723 Win=64256 Len=82 TSval=3834583829 TSecr=1346389633"
"317","52.629477","1698368232.515729000","172.20.0.3","172.20.0.2","TCP","148","41002 → 33766 [PSH, ACK] Seq=1723 Ack=2095 Win=64896 Len=82 TSval=1346390837 TSecr=3834583829"
"318","52.629477","1698368232.515729000","172.20.0.3","172.20.0.2","TCP","148","41003 → 54280 [PSH, ACK] Seq=2625 Ack=297426 Win=72832 Len=82 TSval=1346390837 TSecr=3834583829"
"319","52.629498","1698368232.515750000","172.20.0.2","172.20.0.3","TCP","66","54280 → 41003 [ACK] Seq=297426 Ack=2707 Win=64256 Len=0 TSval=3834583829 TSecr=1346390837"
"320","52.629498","1698368232.515750000","172.20.0.2","172.20.0.3","TCP","66","33766 → 41002 [ACK] Seq=2095 Ack=1805 Win=64256 Len=0 TSval=3834583829 TSecr=1346390837"
"321","53.104508","1698368232.990760000","172.20.0.3","172.20.0.2","TCP","66","41003 → 54280 [FIN, ACK] Seq=2707 Ack=297426 Win=72832 Len=0 TSval=1346391312 TSecr=3834583829"
"322","53.151638","1698368233.037890000","172.20.0.2","172.20.0.3","TCP","66","54280 → 41003 [ACK] Seq=297426 Ack=2708 Win=64256 Len=0 TSval=3834584352 TSecr=1346391312"
"323","53.175694","1698368233.061946000","172.20.0.2","172.20.0.3","TCP","66","54280 → 41003 [FIN, ACK] Seq=297426 Ack=2708 Win=64256 Len=0 TSval=3834584376 TSecr=1346391312"
"324","53.175785","1698368233.062037000","172.20.0.3","172.20.0.2","TCP","66","41003 → 54280 [ACK] Seq=2708 Ack=297427 Win=72832 Len=0 TSval=1346391384 TSecr=3834584376"
"325","53.503851","1698368233.390103000","172.20.0.2","172.20.0.3","TCP","74","35350 → 41003 [SYN] Seq=0 Win=64240 Len=0 MSS=1460 SACK_PERM TSval=3834584704 TSecr=0 WS=128"
"326","53.503959","1698368233.390211000","172.20.0.3","172.20.0.2","TCP","54","41003 → 35350 [RST, ACK] Seq=1 Ack=1 Win=0 Len=0"
