"1","0.000000","1698367943.842013000","fe80::ac52:65ff:fe4b:3687","ff02::2","ICMPv6","70","Router Solicitation from ae:52:65:4b:36:87"
"2","0.036375","1698367943.878388000","fe80::ac52:65ff:fe4b:3687","ff02::fb","MDNS","107","Standard query 0x0000 PTR _ipps._tcp.local, "QM" question PTR _ipp._tcp.local, "QM" question"
"3","13.814921","1698367957.656934000","02:42:ac:14:00:02","Broadcast","ARP","42","Who has 172.20.0.3? Tell 172.20.0.2"
"4","13.814995","1698367957.657008000","02:42:ac:14:00:03","02:42:ac:14:00:02","ARP","42","172.20.0.3 is at 02:42:ac:14:00:03"
"5","13.815001","1698367957.657014000","172.20.0.2","172.20.0.3","TCP","74","37954 → 41002 [SYN] Seq=0 Win=64240 Len=0 MSS=1460 SACK_PERM TSval=3834308971 TSecr=0 WS=128"
"6","13.815071","1698367957.657084000","172.20.0.3","172.20.0.2","TCP","54","41002 → 37954 [RST, ACK] Seq=1 Ack=1 Win=0 Len=0"
"7","13.815280","1698367957.657293000","172.20.0.2","172.20.0.3","TCP","74","49112 → 41003 [SYN] Seq=0 Win=64240 Len=0 MSS=1460 SACK_PERM TSval=3834308971 TSecr=0 WS=128"
"8","13.815338","1698367957.657351000","172.20.0.3","172.20.0.2","TCP","74","41003 → 49112 [SYN, ACK] Seq=0 Ack=1 Win=65160 Len=0 MSS=1460 SACK_PERM TSval=1346115979 TSecr=3834308971 WS=128"
"9","13.815362","1698367957.657375000","172.20.0.2","172.20.0.3","TCP","66","49112 → 41003 [ACK] Seq=1 Ack=1 Win=64256 Len=0 TSval=3834308971 TSecr=1346115979"
"10","14.928458","1698367958.770471000","172.20.0.2","172.20.0.3","TCP","148","49112 → 41003 [PSH, ACK] Seq=1 Ack=1 Win=64256 Len=82 TSval=3834310084 TSecr=1346115979"
"11","14.928570","1698367958.770583000","172.20.0.3","172.20.0.2","TCP","66","41003 → 49112 [ACK] Seq=1 Ack=83 Win=65152 Len=0 TSval=1346117092 TSecr=3834310084"
"12","14.928764","1698367958.770777000","172.20.0.2","172.20.0.3","TCP","74","37968 → 41002 [SYN] Seq=0 Win=64240 Len=0 MSS=1460 SACK_PERM TSval=3834310084 TSecr=0 WS=128"
"13","14.928857","1698367958.770870000","172.20.0.3","172.20.0.2","TCP","54","41002 → 37968 [RST, ACK] Seq=1 Ack=1 Win=0 Len=0"
"14","14.929306","1698367958.771319000","172.20.0.3","172.20.0.2","TCP","148","41003 → 49112 [PSH, ACK] Seq=1 Ack=83 Win=65152 Len=82 TSval=1346117093 TSecr=3834310084"
"15","14.929357","1698367958.771370000","172.20.0.2","172.20.0.3","TCP","66","49112 → 41003 [ACK] Seq=83 Ack=83 Win=64256 Len=0 TSval=3834310085 TSecr=1346117093"
"16","16.132871","1698367959.974884000","172.20.0.2","172.20.0.3","TCP","74","37982 → 41002 [SYN] Seq=0 Win=64240 Len=0 MSS=1460 SACK_PERM TSval=3834311289 TSecr=0 WS=128"
"17","16.132983","1698367959.974996000","172.20.0.3","172.20.0.2","TCP","54","41002 → 37982 [RST, ACK] Seq=1 Ack=1 Win=0 Len=0"
"18","16.133095","1698367959.975108000","172.20.0.2","172.20.0.3","TCP","148","49112 → 41003 [PSH, ACK] Seq=83 Ack=83 Win=64256 Len=82 TSval=3834311289 TSecr=1346117093"
"19","16.133282","1698367959.975295000","172.20.0.3","172.20.0.2","TCP","148","41003 → 49112 [PSH, ACK] Seq=83 Ack=165 Win=65152 Len=82 TSval=1346118297 TSecr=3834311289"
"20","16.133302","1698367959.975315000","172.20.0.2","172.20.0.3","TCP","66","49112 → 41003 [ACK] Seq=165 Ack=165 Win=64256 Len=0 TSval=3834311289 TSecr=1346118297"
"21","17.334637","1698367961.176650000","172.20.0.2","172.20.0.3","TCP","74","37984 → 41002 [SYN] Seq=0 Win=64240 Len=0 MSS=1460 SACK_PERM TSval=3834312490 TSecr=0 WS=128"
"22","17.334752","1698367961.176765000","172.20.0.3","172.20.0.2","TCP","54","41002 → 37984 [RST, ACK] Seq=1 Ack=1 Win=0 Len=0"
"23","17.334864","1698367961.176877000","172.20.0.2","172.20.0.3","TCP","148","49112 → 41003 [PSH, ACK] Seq=165 Ack=165 Win=64256 Len=82 TSval=3834312491 TSecr=1346118297"
"24","17.335143","1698367961.177156000","172.20.0.3","172.20.0.2","TCP","148","41003 → 49112 [PSH, ACK] Seq=165 Ack=247 Win=65152 Len=82 TSval=1346119499 TSecr=3834312491"
"25","17.335167","1698367961.177180000","172.20.0.2","172.20.0.3","TCP","66","49112 → 41003 [ACK] Seq=247 Ack=247 Win=64256 Len=0 TSval=3834312491 TSecr=1346119499"
"26","18.536460","1698367962.378473000","172.20.0.2","172.20.0.3","TCP","74","37992 → 41002 [SYN] Seq=0 Win=64240 Len=0 MSS=1460 SACK_PERM TSval=3834313692 TSecr=0 WS=128"
"27","18.536575","1698367962.378588000","172.20.0.3","172.20.0.2","TCP","54","41002 → 37992 [RST, ACK] Seq=1 Ack=1 Win=0 Len=0"
"28","18.536669","1698367962.378682000","172.20.0.2","172.20.0.3","TCP","148","49112 → 41003 [PSH, ACK] Seq=247 Ack=247 Win=64256 Len=82 TSval=3834313692 TSecr=1346119499"
"29","18.536893","1698367962.378906000","172.20.0.3","172.20.0.2","TCP","148","41003 → 49112 [PSH, ACK] Seq=247 Ack=329 Win=65152 Len=82 TSval=1346120701 TSecr=3834313692"
"30","18.536925","1698367962.378938000","172.20.0.2","172.20.0.3","TCP","66","49112 → 41003 [ACK] Seq=329 Ack=329 Win=64256 Len=0 TSval=3834313693 TSecr=1346120701"
"31","19.738462","1698367963.580475000","172.20.0.2","172.20.0.3","TCP","74","38002 → 41002 [SYN] Seq=0 Win=64240 Len=0 MSS=1460 SACK_PERM TSval=3834314894 TSecr=0 WS=128"
"32","19.738596","1698367963.580609000","172.20.0.3","172.20.0.2","TCP","54","41002 → 38002 [RST, ACK] Seq=1 Ack=1 Win=0 Len=0"
"33","19.738712","1698367963.580725000","172.20.0.2","172.20.0.3","TCP","148","49112 → 41003 [PSH, ACK] Seq=329 Ack=329 Win=64256 Len=82 TSval=3834314894 TSecr=1346120701"
"34","19.738922","1698367963.580935000","172.20.0.3","172.20.0.2","TCP","148","41003 → 49112 [PSH, ACK] Seq=329 Ack=411 Win=65152 Len=82 TSval=1346121903 TSecr=3834314894"
"35","19.738947","1698367963.580960000","172.20.0.2","172.20.0.3","TCP","66","49112 → 41003 [ACK] Seq=411 Ack=411 Win=64256 Len=0 TSval=3834314895 TSecr=1346121903"
"36","20.940389","1698367964.782402000","172.20.0.2","172.20.0.3","TCP","74","38008 → 41002 [SYN] Seq=0 Win=64240 Len=0 MSS=1460 SACK_PERM TSval=3834316096 TSecr=0 WS=128"
"37","20.940532","1698367964.782545000","172.20.0.3","172.20.0.2","TCP","54","41002 → 38008 [RST, ACK] Seq=1 Ack=1 Win=0 Len=0"
"38","20.940643","1698367964.782656000","172.20.0.2","172.20.0.3","TCP","148","49112 → 41003 [PSH, ACK] Seq=411 Ack=411 Win=64256 Len=82 TSval=3834316096 TSecr=1346121903"
"39","20.940791","1698367964.782804000","172.20.0.3","172.20.0.2","TCP","148","41003 → 49112 [PSH, ACK] Seq=411 Ack=493 Win=65152 Len=82 TSval=1346123104 TSecr=3834316096"
"40","20.940825","1698367964.782838000","172.20.0.2","172.20.0.3","TCP","66","49112 → 41003 [ACK] Seq=493 Ack=493 Win=64256 Len=0 TSval=3834316096 TSecr=1346123104"
"41","22.142184","1698367965.984197000","172.20.0.2","172.20.0.3","TCP","74","49724 → 41002 [SYN] Seq=0 Win=64240 Len=0 MSS=1460 SACK_PERM TSval=3834317298 TSecr=0 WS=128"
"42","22.142314","1698367965.984327000","172.20.0.3","172.20.0.2","TCP","54","41002 → 49724 [RST, ACK] Seq=1 Ack=1 Win=0 Len=0"
"43","22.142427","1698367965.984440000","172.20.0.2","172.20.0.3","TCP","148","49112 → 41003 [PSH, ACK] Seq=493 Ack=493 Win=64256 Len=82 TSval=3834317298 TSecr=1346123104"
"44","22.142665","1698367965.984678000","172.20.0.3","172.20.0.2","TCP","148","41003 → 49112 [PSH, ACK] Seq=493 Ack=575 Win=65152 Len=82 TSval=1346124306 TSecr=3834317298"
"45","22.142690","1698367965.984703000","172.20.0.2","172.20.0.3","TCP","66","49112 → 41003 [ACK] Seq=575 Ack=575 Win=64256 Len=0 TSval=3834317298 TSecr=1346124306"
"46","23.343877","1698367967.185890000","172.20.0.2","172.20.0.3","TCP","74","49740 → 41002 [SYN] Seq=0 Win=64240 Len=0 MSS=1460 SACK_PERM TSval=3834318499 TSecr=0 WS=128"
"47","23.344004","1698367967.186017000","172.20.0.3","172.20.0.2","TCP","54","41002 → 49740 [RST, ACK] Seq=1 Ack=1 Win=0 Len=0"
"48","23.344114","1698367967.186127000","172.20.0.2","172.20.0.3","TCP","148","49112 → 41003 [PSH, ACK] Seq=575 Ack=575 Win=64256 Len=82 TSval=3834318500 TSecr=1346124306"
"49","23.344356","1698367967.186369000","172.20.0.3","172.20.0.2","TCP","148","41003 → 49112 [PSH, ACK] Seq=575 Ack=657 Win=65152 Len=82 TSval=1346125508 TSecr=3834318500"
"50","23.344381","1698367967.186394000","172.20.0.2","172.20.0.3","TCP","66","49112 → 41003 [ACK] Seq=657 Ack=657 Win=64256 Len=0 TSval=3834318500 TSecr=1346125508"
"51","24.545805","1698367968.387818000","172.20.0.2","172.20.0.3","TCP","74","49748 → 41002 [SYN] Seq=0 Win=64240 Len=0 MSS=1460 SACK_PERM TSval=3834319701 TSecr=0 WS=128"
"52","24.545964","1698367968.387977000","172.20.0.3","172.20.0.2","TCP","54","41002 → 49748 [RST, ACK] Seq=1 Ack=1 Win=0 Len=0"
"53","24.546104","1698367968.388117000","172.20.0.2","172.20.0.3","TCP","148","49112 → 41003 [PSH, ACK] Seq=657 Ack=657 Win=64256 Len=82 TSval=3834319702 TSecr=1346125508"
"54","24.546396","1698367968.388409000","172.20.0.3","172.20.0.2","TCP","148","41003 → 49112 [PSH, ACK] Seq=657 Ack=739 Win=65152 Len=82 TSval=1346126710 TSecr=3834319702"
"55","24.546445","1698367968.388458000","172.20.0.2","172.20.0.3","TCP","66","49112 → 41003 [ACK] Seq=739 Ack=739 Win=64256 Len=0 TSval=3834319702 TSecr=1346126710"
"56","25.701810","1698367969.543823000","172.20.0.2","172.20.0.3","TCP","7306","49112 → 41003 [PSH, ACK] Seq=739 Ack=739 Win=64256 Len=7240 TSval=3834320857 TSecr=1346126710"
"57","25.701875","1698367969.543888000","172.20.0.2","172.20.0.3","TCP","3232","49112 → 41003 [PSH, ACK] Seq=7979 Ack=739 Win=64256 Len=3166 TSval=3834320857 TSecr=1346126710"
"58","25.702056","1698367969.544069000","172.20.0.3","172.20.0.2","TCP","66","41003 → 49112 [ACK] Seq=739 Ack=11145 Win=64128 Len=0 TSval=1346127866 TSecr=3834320857"
"59","25.811326","1698367969.653339000","172.20.0.2","172.20.0.3","TCP","74","49760 → 41002 [SYN] Seq=0 Win=64240 Len=0 MSS=1460 SACK_PERM TSval=3834320967 TSecr=0 WS=128"
"60","25.811440","1698367969.653453000","172.20.0.3","172.20.0.2","TCP","54","41002 → 49760 [RST, ACK] Seq=1 Ack=1 Win=0 Len=0"
"61","26.656997","1698367970.499010000","172.20.0.2","172.20.0.3","TCP","229","49112 → 41003 [PSH, ACK] Seq=11145 Ack=739 Win=64256 Len=163 TSval=3834321813 TSecr=1346127866"
"62","26.699911","1698367970.541924000","172.20.0.3","172.20.0.2","TCP","66","41003 → 49112 [ACK] Seq=739 Ack=11308 Win=64128 Len=0 TSval=1346128864 TSecr=3834321813"
"63","26.984929","1698367970.826942000","172.20.0.2","172.20.0.3","TCP","74","49762 → 41002 [SYN] Seq=0 Win=64240 Len=0 MSS=1460 SACK_PERM TSval=3834322141 TSecr=0 WS=128"
"64","26.985022","1698367970.827035000","172.20.0.3","172.20.0.2","TCP","54","41002 → 49762 [RST, ACK] Seq=1 Ack=1 Win=0 Len=0"
"65","27.858740","1698367971.700753000","172.20.0.2","172.20.0.3","TCP","148","49112 → 41003 [PSH, ACK] Seq=11308 Ack=739 Win=64256 Len=82 TSval=3834323014 TSecr=1346128864"
"66","27.858825","1698367971.700838000","172.20.0.3","172.20.0.2","TCP","66","41003 → 49112 [ACK] Seq=739 Ack=11390 Win=64128 Len=0 TSval=1346130022 TSecr=3834323014"
"67","27.859052","1698367971.701065000","172.20.0.3","172.20.0.2","TCP","148","41003 → 49112 [PSH, ACK] Seq=739 Ack=11390 Win=64128 Len=82 TSval=1346130023 TSecr=3834323014"
"68","27.859089","1698367971.701102000","172.20.0.2","172.20.0.3","TCP","66","49112 → 41003 [ACK] Seq=11390 Ack=821 Win=64256 Len=0 TSval=3834323015 TSecr=1346130023"
"69","28.186869","1698367972.028882000","172.20.0.2","172.20.0.3","TCP","74","49764 → 41002 [SYN] Seq=0 Win=64240 Len=0 MSS=1460 SACK_PERM TSval=3834323343 TSecr=0 WS=128"
"70","28.186979","1698367972.028992000","172.20.0.3","172.20.0.2","TCP","54","41002 → 49764 [RST, ACK] Seq=1 Ack=1 Win=0 Len=0"
"71","29.060420","1698367972.902433000","172.20.0.2","172.20.0.3","TCP","148","49112 → 41003 [PSH, ACK] Seq=11390 Ack=821 Win=64256 Len=82 TSval=3834324216 TSecr=1346130023"
"72","29.060661","1698367972.902674000","172.20.0.3","172.20.0.2","TCP","148","41003 → 49112 [PSH, ACK] Seq=821 Ack=11472 Win=64128 Len=82 TSval=1346131224 TSecr=3834324216"
"73","29.060689","1698367972.902702000","172.20.0.2","172.20.0.3","TCP","66","49112 → 41003 [ACK] Seq=11472 Ack=903 Win=64256 Len=0 TSval=3834324216 TSecr=1346131224"
"74","29.389595","1698367973.231608000","172.20.0.2","172.20.0.3","TCP","74","49774 → 41002 [SYN] Seq=0 Win=64240 Len=0 MSS=1460 SACK_PERM TSval=3834324545 TSecr=0 WS=128"
"75","29.389663","1698367973.231676000","172.20.0.3","172.20.0.2","TCP","54","41002 → 49774 [RST, ACK] Seq=1 Ack=1 Win=0 Len=0"
"76","30.263134","1698367974.105147000","172.20.0.2","172.20.0.3","TCP","148","49112 → 41003 [PSH, ACK] Seq=11472 Ack=903 Win=64256 Len=82 TSval=3834325419 TSecr=1346131224"
"77","30.263335","1698367974.105348000","172.20.0.3","172.20.0.2","TCP","148","41003 → 49112 [PSH, ACK] Seq=903 Ack=11554 Win=64128 Len=82 TSval=1346132427 TSecr=3834325419"
"78","30.263371","1698367974.105384000","172.20.0.2","172.20.0.3","TCP","66","49112 → 41003 [ACK] Seq=11554 Ack=985 Win=64256 Len=0 TSval=3834325419 TSecr=1346132427"
"79","30.591015","1698367974.433028000","172.20.0.2","172.20.0.3","TCP","74","49782 → 41002 [SYN] Seq=0 Win=64240 Len=0 MSS=1460 SACK_PERM TSval=3834325747 TSecr=0 WS=128"
"80","30.591115","1698367974.433128000","172.20.0.3","172.20.0.2","TCP","54","41002 → 49782 [RST, ACK] Seq=1 Ack=1 Win=0 Len=0"
"81","31.464890","1698367975.306903000","172.20.0.2","172.20.0.3","TCP","148","49112 → 41003 [PSH, ACK] Seq=11554 Ack=985 Win=64256 Len=82 TSval=3834326621 TSecr=1346132427"
"82","31.465077","1698367975.307090000","172.20.0.3","172.20.0.2","TCP","148","41003 → 49112 [PSH, ACK] Seq=985 Ack=11636 Win=64128 Len=82 TSval=1346133629 TSecr=3834326621"
"83","31.465107","1698367975.307120000","172.20.0.2","172.20.0.3","TCP","66","49112 → 41003 [ACK] Seq=11636 Ack=1067 Win=64256 Len=0 TSval=3834326621 TSecr=1346133629"
"84","31.792870","1698367975.634883000","172.20.0.2","172.20.0.3","TCP","74","53516 → 41002 [SYN] Seq=0 Win=64240 Len=0 MSS=1460 SACK_PERM TSval=3834326949 TSecr=0 WS=128"
"85","31.792977","1698367975.634990000","172.20.0.3","172.20.0.2","TCP","54","41002 → 53516 [RST, ACK] Seq=1 Ack=1 Win=0 Len=0"
"86","32.666942","1698367976.508955000","172.20.0.2","172.20.0.3","TCP","148","49112 → 41003 [PSH, ACK] Seq=11636 Ack=1067 Win=64256 Len=82 TSval=3834327823 TSecr=1346133629"
"87","32.667681","1698367976.509694000","172.20.0.3","172.20.0.2","TCP","148","41003 → 49112 [PSH, ACK] Seq=1067 Ack=11718 Win=64128 Len=82 TSval=1346134831 TSecr=3834327823"
"88","32.667715","1698367976.509728000","172.20.0.2","172.20.0.3","TCP","66","49112 → 41003 [ACK] Seq=11718 Ack=1149 Win=64256 Len=0 TSval=3834327823 TSecr=1346134831"
"89","33.006866","1698367976.848879000","172.20.0.2","172.20.0.3","TCP","74","53520 → 41002 [SYN] Seq=0 Win=64240 Len=0 MSS=1460 SACK_PERM TSval=3834328162 TSecr=0 WS=128"
"90","33.006973","1698367976.848986000","172.20.0.3","172.20.0.2","TCP","54","41002 → 53520 [RST, ACK] Seq=1 Ack=1 Win=0 Len=0"
"91","33.881726","1698367977.723739000","172.20.0.2","172.20.0.3","TCP","148","49112 → 41003 [PSH, ACK] Seq=11718 Ack=1149 Win=64256 Len=82 TSval=3834329037 TSecr=1346134831"
"92","33.887910","1698367977.729923000","172.20.0.3","172.20.0.2","TCP","148","41003 → 49112 [PSH, ACK] Seq=1149 Ack=11800 Win=64128 Len=82 TSval=1346136052 TSecr=3834329037"
"93","33.887929","1698367977.729942000","172.20.0.2","172.20.0.3","TCP","66","49112 → 41003 [ACK] Seq=11800 Ack=1231 Win=64256 Len=0 TSval=3834329044 TSecr=1346136052"
"94","34.218808","1698367978.060821000","172.20.0.2","172.20.0.3","TCP","74","53522 → 41002 [SYN] Seq=0 Win=64240 Len=0 MSS=1460 SACK_PERM TSval=3834329374 TSecr=0 WS=128"
"95","34.218912","1698367978.060925000","172.20.0.3","172.20.0.2","TCP","54","41002 → 53522 [RST, ACK] Seq=1 Ack=1 Win=0 Len=0"
"96","35.092854","1698367978.934867000","172.20.0.2","172.20.0.3","TCP","148","49112 → 41003 [PSH, ACK] Seq=11800 Ack=1231 Win=64256 Len=82 TSval=3834330248 TSecr=1346136052"
"97","35.093193","1698367978.935206000","172.20.0.3","172.20.0.2","TCP","148","41003 → 49112 [PSH, ACK] Seq=1231 Ack=11882 Win=64128 Len=82 TSval=1346137257 TSecr=3834330248"
"98","35.093228","1698367978.935241000","172.20.0.2","172.20.0.3","TCP","66","49112 → 41003 [ACK] Seq=11882 Ack=1313 Win=64256 Len=0 TSval=3834330249 TSecr=1346137257"
"99","35.420955","1698367979.262968000","172.20.0.2","172.20.0.3","TCP","74","53530 → 41002 [SYN] Seq=0 Win=64240 Len=0 MSS=1460 SACK_PERM TSval=3834330577 TSecr=0 WS=128"
"100","35.421062","1698367979.263075000","172.20.0.3","172.20.0.2","TCP","54","41002 → 53530 [RST, ACK] Seq=1 Ack=1 Win=0 Len=0"
"101","36.294588","1698367980.136601000","172.20.0.2","172.20.0.3","TCP","148","49112 → 41003 [PSH, ACK] Seq=11882 Ack=1313 Win=64256 Len=82 TSval=3834331450 TSecr=1346137257"
"102","36.294842","1698367980.136855000","172.20.0.3","172.20.0.2","TCP","148","41003 → 49112 [PSH, ACK] Seq=1313 Ack=11964 Win=64128 Len=82 TSval=1346138458 TSecr=3834331450"
"103","36.294856","1698367980.136869000","172.20.0.2","172.20.0.3","TCP","66","49112 → 41003 [ACK] Seq=11964 Ack=1395 Win=64256 Len=0 TSval=3834331451 TSecr=1346138458"
"104","36.622462","1698367980.464475000","172.20.0.2","172.20.0.3","TCP","74","53542 → 41002 [SYN] Seq=0 Win=64240 Len=0 MSS=1460 SACK_PERM TSval=3834331778 TSecr=0 WS=128"
"105","36.622557","1698367980.464570000","172.20.0.3","172.20.0.2","TCP","54","41002 → 53542 [RST, ACK] Seq=1 Ack=1 Win=0 Len=0"
"106","37.496264","1698367981.338277000","172.20.0.2","172.20.0.3","TCP","148","49112 → 41003 [PSH, ACK] Seq=11964 Ack=1395 Win=64256 Len=82 TSval=3834332652 TSecr=1346138458"
"107","37.496543","1698367981.338556000","172.20.0.3","172.20.0.2","TCP","148","41003 → 49112 [PSH, ACK] Seq=1395 Ack=12046 Win=64128 Len=82 TSval=1346139660 TSecr=3834332652"
"108","37.496572","1698367981.338585000","172.20.0.2","172.20.0.3","TCP","66","49112 → 41003 [ACK] Seq=12046 Ack=1477 Win=64256 Len=0 TSval=3834332652 TSecr=1346139660"
"109","37.824307","1698367981.666320000","172.20.0.2","172.20.0.3","TCP","74","53558 → 41002 [SYN] Seq=0 Win=64240 Len=0 MSS=1460 SACK_PERM TSval=3834332980 TSecr=0 WS=128"
"110","37.824412","1698367981.666425000","172.20.0.3","172.20.0.2","TCP","54","41002 → 53558 [RST, ACK] Seq=1 Ack=1 Win=0 Len=0"
"111","37.980861","1698367981.822874000","172.20.0.2","172.20.0.3","TCP","2709","49112 → 41003 [PSH, ACK] Seq=12046 Ack=1477 Win=64256 Len=2643 TSval=3834333137 TSecr=1346139660"
"112","37.981100","1698367981.823113000","172.20.0.3","172.20.0.2","TCP","66","41003 → 49112 [ACK] Seq=1477 Ack=14689 Win=64128 Len=0 TSval=1346140145 TSecr=3834333137"
"113","38.628153","1698367982.470166000","172.20.0.2","172.20.0.3","TCP","7306","49112 → 41003 [PSH, ACK] Seq=14689 Ack=1477 Win=64256 Len=7240 TSval=3834333784 TSecr=1346140145"
"114","38.628189","1698367982.470202000","172.20.0.2","172.20.0.3","TCP","4263","49112 → 41003 [PSH, ACK] Seq=21929 Ack=1477 Win=64256 Len=4197 TSval=3834333784 TSecr=1346140145"
"115","38.628395","1698367982.470408000","172.20.0.3","172.20.0.2","TCP","66","41003 → 49112 [ACK] Seq=1477 Ack=26126 Win=64128 Len=0 TSval=1346140792 TSecr=3834333784"
"116","38.632494","1698367982.474507000","172.20.0.2","172.20.0.3","TCP","10571","49112 → 41003 [PSH, ACK] Seq=26126 Ack=1477 Win=64256 Len=10505 TSval=3834333788 TSecr=1346140792"
"117","38.632559","1698367982.474572000","172.20.0.3","172.20.0.2","TCP","66","41003 → 49112 [ACK] Seq=1477 Ack=36631 Win=85120 Len=0 TSval=1346140796 TSecr=3834333788"
"118","38.638992","1698367982.481005000","172.20.0.2","172.20.0.3","TCP","10786","49112 → 41003 [PSH, ACK] Seq=36631 Ack=1477 Win=64256 Len=10720 TSval=3834333795 TSecr=1346140796"
"119","38.639051","1698367982.481064000","172.20.0.3","172.20.0.2","TCP","66","41003 → 49112 [ACK] Seq=1477 Ack=47351 Win=106624 Len=0 TSval=1346140803 TSecr=3834333795"
"120","38.748745","1698367982.590758000","172.20.0.2","172.20.0.3","TCP","1406","49112 → 41003 [PSH, ACK] Seq=47351 Ack=1477 Win=64256 Len=1340 TSval=3834333904 TSecr=1346140803"
"121","38.791893","1698367982.633906000","172.20.0.3","172.20.0.2","TCP","66","41003 → 49112 [ACK] Seq=1477 Ack=48691 Win=109440 Len=0 TSval=1346140956 TSecr=3834333904"
"122","38.967246","1698367982.809259000","172.20.0.2","172.20.0.3","TCP","74","53566 → 41002 [SYN] Seq=0 Win=64240 Len=0 MSS=1460 SACK_PERM TSval=3834334123 TSecr=0 WS=128"
"123","38.967314","1698367982.809327000","172.20.0.3","172.20.0.2","TCP","54","41002 → 53566 [RST, ACK] Seq=1 Ack=1 Win=0 Len=0"
"124","39.744541","1698367983.586554000","172.20.0.2","172.20.0.3","TCP","6781","49112 → 41003 [PSH, ACK] Seq=48691 Ack=1477 Win=64256 Len=6715 TSval=3834334900 TSecr=1346140956"
"125","39.744594","1698367983.586607000","172.20.0.3","172.20.0.2","TCP","66","41003 → 49112 [ACK] Seq=1477 Ack=55406 Win=122880 Len=0 TSval=1346141908 TSecr=3834334900"
"126","40.182048","1698367984.024061000","172.20.0.2","172.20.0.3","TCP","74","53572 → 41002 [SYN] Seq=0 Win=64240 Len=0 MSS=1460 SACK_PERM TSval=3834335338 TSecr=0 WS=128"
"127","40.182122","1698367984.024135000","172.20.0.3","172.20.0.2","TCP","54","41002 → 53572 [RST, ACK] Seq=1 Ack=1 Win=0 Len=0"
"128","40.648725","1698367984.490738000","172.20.0.2","172.20.0.3","TCP","7306","49112 → 41003 [PSH, ACK] Seq=55406 Ack=1477 Win=64256 Len=7240 TSval=3834335804 TSecr=1346141908"
"129","40.648773","1698367984.490786000","172.20.0.3","172.20.0.2","TCP","66","41003 → 49112 [ACK] Seq=1477 Ack=62646 Win=137344 Len=0 TSval=1346142812 TSecr=3834335804"
"130","40.648782","1698367984.490795000","172.20.0.2","172.20.0.3","TCP","3576","49112 → 41003 [PSH, ACK] Seq=62646 Ack=1477 Win=64256 Len=3510 TSval=3834335804 TSecr=1346141908"
"131","40.648809","1698367984.490822000","172.20.0.3","172.20.0.2","TCP","66","41003 → 49112 [ACK] Seq=1477 Ack=66156 Win=144384 Len=0 TSval=1346142812 TSecr=3834335804"
"132","40.759891","1698367984.601904000","172.20.0.2","172.20.0.3","TCP","6450","49112 → 41003 [PSH, ACK] Seq=66156 Ack=1477 Win=64256 Len=6384 TSval=3834335916 TSecr=1346142812"
"133","40.759946","1698367984.601959000","172.20.0.3","172.20.0.2","TCP","66","41003 → 49112 [ACK] Seq=1477 Ack=72540 Win=157184 Len=0 TSval=1346142924 TSecr=3834335916"
"134","41.306598","1698367985.148611000","172.20.0.2","172.20.0.3","TCP","74","47666 → 41002 [SYN] Seq=0 Win=64240 Len=0 MSS=1460 SACK_PERM TSval=3834336462 TSecr=0 WS=128"
"135","41.306674","1698367985.148687000","172.20.0.3","172.20.0.2","TCP","54","41002 → 47666 [RST, ACK] Seq=1 Ack=1 Win=0 Len=0"
"136","41.648113","1698367985.490126000","172.20.0.2","172.20.0.3","TCP","7306","49112 → 41003 [PSH, ACK] Seq=72540 Ack=1477 Win=64256 Len=7240 TSval=3834336804 TSecr=1346142924"
"137","41.648168","1698367985.490181000","172.20.0.3","172.20.0.2","TCP","66","41003 → 49112 [ACK] Seq=1477 Ack=79780 Win=171648 Len=0 TSval=1346143812 TSecr=3834336804"
"138","41.648176","1698367985.490189000","172.20.0.2","172.20.0.3","TCP","3576","49112 → 41003 [PSH, ACK] Seq=79780 Ack=1477 Win=64256 Len=3510 TSval=3834336804 TSecr=1346142924"
"139","41.648200","1698367985.490213000","172.20.0.3","172.20.0.2","TCP","66","41003 → 49112 [ACK] Seq=1477 Ack=83290 Win=178688 Len=0 TSval=1346143812 TSecr=3834336804"
"140","41.760103","1698367985.602116000","172.20.0.2","172.20.0.3","TCP","6114","49112 → 41003 [PSH, ACK] Seq=83290 Ack=1477 Win=64256 Len=6048 TSval=3834336916 TSecr=1346143812"
"141","41.760150","1698367985.602163000","172.20.0.3","172.20.0.2","TCP","66","41003 → 49112 [ACK] Seq=1477 Ack=89338 Win=185856 Len=0 TSval=1346143924 TSecr=3834336916"
"142","42.524568","1698367986.366581000","172.20.0.2","172.20.0.3","TCP","74","47674 → 41002 [SYN] Seq=0 Win=64240 Len=0 MSS=1460 SACK_PERM TSval=3834337680 TSecr=0 WS=128"
"143","42.524645","1698367986.366658000","172.20.0.3","172.20.0.2","TCP","54","41002 → 47674 [RST, ACK] Seq=1 Ack=1 Win=0 Len=0"
"144","42.647226","1698367986.489239000","172.20.0.2","172.20.0.3","TCP","7306","49112 → 41003 [PSH, ACK] Seq=89338 Ack=1477 Win=64256 Len=7240 TSval=3834337803 TSecr=1346143924"
"145","42.647270","1698367986.489283000","172.20.0.3","172.20.0.2","TCP","66","41003 → 49112 [ACK] Seq=1477 Ack=96578 Win=185344 Len=0 TSval=1346144811 TSecr=3834337803"
"146","42.647280","1698367986.489293000","172.20.0.2","172.20.0.3","TCP","3576","49112 → 41003 [PSH, ACK] Seq=96578 Ack=1477 Win=64256 Len=3510 TSval=3834337803 TSecr=1346143924"
"147","42.647310","1698367986.489323000","172.20.0.3","172.20.0.2","TCP","66","41003 → 49112 [ACK] Seq=1477 Ack=100088 Win=182912 Len=0 TSval=1346144811 TSecr=3834337803"
"148","42.758933","1698367986.600946000","172.20.0.2","172.20.0.3","TCP","6114","49112 → 41003 [PSH, ACK] Seq=100088 Ack=1477 Win=64256 Len=6048 TSval=3834337915 TSecr=1346144811"
"149","42.758977","1698367986.600990000","172.20.0.3","172.20.0.2","TCP","66","41003 → 49112 [ACK] Seq=1477 Ack=106136 Win=185856 Len=0 TSval=1346144923 TSecr=3834337915"
"150","43.650773","1698367987.492786000","172.20.0.2","172.20.0.3","TCP","7306","49112 → 41003 [PSH, ACK] Seq=106136 Ack=1477 Win=64256 Len=7240 TSval=3834338806 TSecr=1346144923"
"151","43.650826","1698367987.492839000","172.20.0.3","172.20.0.2","TCP","66","41003 → 49112 [ACK] Seq=1477 Ack=113376 Win=185344 Len=0 TSval=1346145814 TSecr=3834338806"
"152","43.650835","1698367987.492848000","172.20.0.2","172.20.0.3","TCP","3230","49112 → 41003 [PSH, ACK] Seq=113376 Ack=1477 Win=64256 Len=3164 TSval=3834338806 TSecr=1346144923"
"153","43.650866","1698367987.492879000","172.20.0.3","172.20.0.2","TCP","66","41003 → 49112 [ACK] Seq=1477 Ack=116540 Win=183040 Len=0 TSval=1346145815 TSecr=3834338806"
"154","43.651051","1698367987.493064000","172.20.0.2","172.20.0.3","TCP","74","47678 → 41002 [SYN] Seq=0 Win=64240 Len=0 MSS=1460 SACK_PERM TSval=3834338807 TSecr=0 WS=128"
"155","43.651119","1698367987.493132000","172.20.0.3","172.20.0.2","TCP","54","41002 → 47678 [RST, ACK] Seq=1 Ack=1 Win=0 Len=0"
"156","43.763285","1698367987.605298000","172.20.0.2","172.20.0.3","TCP","8463","49112 → 41003 [PSH, ACK] Seq=116540 Ack=1477 Win=64256 Len=8397 TSval=3834338919 TSecr=1346145815"
"157","43.763329","1698367987.605342000","172.20.0.3","172.20.0.2","TCP","66","41003 → 49112 [ACK] Seq=1477 Ack=124937 Win=184704 Len=0 TSval=1346145927 TSecr=3834338919"
"158","44.765484","1698367988.607497000","172.20.0.2","172.20.0.3","TCP","6786","49112 → 41003 [PSH, ACK] Seq=124937 Ack=1477 Win=64256 Len=6720 TSval=3834339921 TSecr=1346145927"
"159","44.765533","1698367988.607546000","172.20.0.3","172.20.0.2","TCP","66","41003 → 49112 [ACK] Seq=1477 Ack=131657 Win=185600 Len=0 TSval=1346146929 TSecr=3834339921"
"160","44.874935","1698367988.716948000","172.20.0.2","172.20.0.3","TCP","74","47684 → 41002 [SYN] Seq=0 Win=64240 Len=0 MSS=1460 SACK_PERM TSval=3834340031 TSecr=0 WS=128"
"161","44.875005","1698367988.717018000","172.20.0.3","172.20.0.2","TCP","54","41002 → 47684 [RST, ACK] Seq=1 Ack=1 Win=0 Len=0"
"162","45.666957","1698367989.508970000","172.20.0.2","172.20.0.3","TCP","7306","49112 → 41003 [PSH, ACK] Seq=131657 Ack=1477 Win=64256 Len=7240 TSval=3834340823 TSecr=1346146929"
"163","45.667022","1698367989.509035000","172.20.0.3","172.20.0.2","TCP","66","41003 → 49112 [ACK] Seq=1477 Ack=138897 Win=185344 Len=0 TSval=1346147831 TSecr=3834340823"
"164","45.667032","1698367989.509045000","172.20.0.2","172.20.0.3","TCP","3577","49112 → 41003 [PSH, ACK] Seq=138897 Ack=1477 Win=64256 Len=3511 TSval=3834340823 TSecr=1346146929"
"165","45.667060","1698367989.509073000","172.20.0.3","172.20.0.2","TCP","66","41003 → 49112 [ACK] Seq=1477 Ack=142408 Win=182912 Len=0 TSval=1346147831 TSecr=3834340823"
"166","45.778564","1698367989.620577000","172.20.0.2","172.20.0.3","TCP","6114","49112 → 41003 [PSH, ACK] Seq=142408 Ack=1477 Win=64256 Len=6048 TSval=3834340934 TSecr=1346147831"
"167","45.778615","1698367989.620628000","172.20.0.3","172.20.0.2","TCP","66","41003 → 49112 [ACK] Seq=1477 Ack=148456 Win=185856 Len=0 TSval=1346147942 TSecr=3834340934"
"168","45.997076","1698367989.839089000","172.20.0.2","172.20.0.3","TCP","74","47698 → 41002 [SYN] Seq=0 Win=64240 Len=0 MSS=1460 SACK_PERM TSval=3834341153 TSecr=0 WS=128"
"169","45.997144","1698367989.839157000","172.20.0.3","172.20.0.2","TCP","54","41002 → 47698 [RST, ACK] Seq=1 Ack=1 Win=0 Len=0"
"170","46.676129","1698367990.518142000","172.20.0.2","172.20.0.3","TCP","7306","49112 → 41003 [PSH, ACK] Seq=148456 Ack=1477 Win=64256 Len=7240 TSval=3834341832 TSecr=1346147942"
"171","46.676183","1698367990.518196000","172.20.0.3","172.20.0.2","TCP","66","41003 → 49112 [ACK] Seq=1477 Ack=155696 Win=185344 Len=0 TSval=1346148840 TSecr=3834341832"
"172","46.676192","1698367990.518205000","172.20.0.2","172.20.0.3","TCP","3577","49112 → 41003 [PSH, ACK] Seq=155696 Ack=1477 Win=64256 Len=3511 TSval=3834341832 TSecr=1346147942"
"173","46.676217","1698367990.518230000","172.20.0.3","172.20.0.2","TCP","66","41003 → 49112 [ACK] Seq=1477 Ack=159207 Win=182912 Len=0 TSval=1346148840 TSecr=3834341832"
"174","46.787196","1698367990.629209000","172.20.0.2","172.20.0.3","TCP","4770","49112 → 41003 [PSH, ACK] Seq=159207 Ack=1477 Win=64256 Len=4704 TSval=3834341943 TSecr=1346148840"
"175","46.787240","1698367990.629253000","172.20.0.3","172.20.0.2","TCP","66","41003 → 49112 [ACK] Seq=1477 Ack=163911 Win=186496 Len=0 TSval=1346148951 TSecr=3834341943"
"176","47.114926","1698367990.956939000","172.20.0.2","172.20.0.3","TCP","74","47704 → 41002 [SYN] Seq=0 Win=64240 Len=0 MSS=1460 SACK_PERM TSval=3834342271 TSecr=0 WS=128"
"177","47.115005","1698367990.957018000","172.20.0.3","172.20.0.2","TCP","54","41002 → 47704 [RST, ACK] Seq=1 Ack=1 Win=0 Len=0"
"178","47.678777","1698367991.520790000","172.20.0.2","172.20.0.3","TCP","7306","49112 → 41003 [PSH, ACK] Seq=163911 Ack=1477 Win=64256 Len=7240 TSval=3834342834 TSecr=1346148951"
"179","47.678824","1698367991.520837000","172.20.0.3","172.20.0.2","TCP","66","41003 → 49112 [ACK] Seq=1477 Ack=171151 Win=185344 Len=0 TSval=1346149842 TSecr=3834342834"
"180","47.678833","1698367991.520846000","172.20.0.2","172.20.0.3","TCP","3576","49112 → 41003 [PSH, ACK] Seq=171151 Ack=1477 Win=64256 Len=3510 TSval=3834342834 TSecr=1346148951"
"181","47.678866","1698367991.520879000","172.20.0.3","172.20.0.2","TCP","66","41003 → 49112 [ACK] Seq=1477 Ack=174661 Win=182912 Len=0 TSval=1346149843 TSecr=3834342834"
"182","47.792141","1698367991.634154000","172.20.0.2","172.20.0.3","TCP","6910","49112 → 41003 [PSH, ACK] Seq=174661 Ack=1477 Win=64256 Len=6844 TSval=3834342948 TSecr=1346149843"
"183","47.792207","1698367991.634220000","172.20.0.3","172.20.0.2","TCP","66","41003 → 49112 [ACK] Seq=1477 Ack=181505 Win=185472 Len=0 TSval=1346149956 TSecr=3834342948"
"184","48.229178","1698367992.071191000","172.20.0.2","172.20.0.3","TCP","74","47706 → 41002 [SYN] Seq=0 Win=64240 Len=0 MSS=1460 SACK_PERM TSval=3834343385 TSecr=0 WS=128"
"185","48.229252","1698367992.071265000","172.20.0.3","172.20.0.2","TCP","54","41002 → 47706 [RST, ACK] Seq=1 Ack=1 Win=0 Len=0"
"186","48.683171","1698367992.525184000","172.20.0.2","172.20.0.3","TCP","7306","49112 → 41003 [PSH, ACK] Seq=181505 Ack=1477 Win=64256 Len=7240 TSval=3834343839 TSecr=1346149956"
"187","48.683218","1698367992.525231000","172.20.0.3","172.20.0.2","TCP","66","41003 → 49112 [ACK] Seq=1477 Ack=188745 Win=185344 Len=0 TSval=1346150847 TSecr=3834343839"
"188","48.683234","1698367992.525247000","172.20.0.2","172.20.0.3","TCP","3441","49112 → 41003 [PSH, ACK] Seq=188745 Ack=1477 Win=64256 Len=3375 TSval=3834343839 TSecr=1346149956"
"189","48.683260","1698367992.525273000","172.20.0.3","172.20.0.2","TCP","66","41003 → 49112 [ACK] Seq=1477 Ack=192120 Win=182912 Len=0 TSval=1346150847 TSecr=3834343839"
"190","48.796250","1698367992.638263000","172.20.0.2","172.20.0.3","TCP","7458","49112 → 41003 [PSH, ACK] Seq=192120 Ack=1477 Win=64256 Len=7392 TSval=3834343952 TSecr=1346150847"
"191","48.796302","1698367992.638315000","172.20.0.3","172.20.0.2","TCP","66","41003 → 49112 [ACK] Seq=1477 Ack=199512 Win=180864 Len=0 TSval=1346150960 TSecr=3834343952"
"192","49.342314","1698367993.184327000","172.20.0.2","172.20.0.3","TCP","74","47716 → 41002 [SYN] Seq=0 Win=64240 Len=0 MSS=1460 SACK_PERM TSval=3834344498 TSecr=0 WS=128"
"193","49.342383","1698367993.184396000","172.20.0.3","172.20.0.2","TCP","54","41002 → 47716 [RST, ACK] Seq=1 Ack=1 Win=0 Len=0"
"194","49.694279","1698367993.536292000","172.20.0.2","172.20.0.3","TCP","7306","49112 → 41003 [PSH, ACK] Seq=199512 Ack=1477 Win=64256 Len=7240 TSval=3834344850 TSecr=1346150960"
"195","49.694325","1698367993.536338000","172.20.0.3","172.20.0.2","TCP","66","41003 → 49112 [ACK] Seq=1477 Ack=206752 Win=185344 Len=0 TSval=1346151858 TSecr=3834344850"
"196","49.694334","1698367993.536347000","172.20.0.2","172.20.0.3","TCP","3577","49112 → 41003 [PSH, ACK] Seq=206752 Ack=1477 Win=64256 Len=3511 TSval=3834344850 TSecr=1346150960"
"197","49.694368","1698367993.536381000","172.20.0.3","172.20.0.2","TCP","66","41003 → 49112 [ACK] Seq=1477 Ack=210263 Win=182912 Len=0 TSval=1346151858 TSecr=3834344850"
"198","49.805719","1698367993.647732000","172.20.0.2","172.20.0.3","TCP","6114","49112 → 41003 [PSH, ACK] Seq=210263 Ack=1477 Win=64256 Len=6048 TSval=3834344961 TSecr=1346151858"
"199","49.805769","1698367993.647782000","172.20.0.3","172.20.0.2","TCP","66","41003 → 49112 [ACK] Seq=1477 Ack=216311 Win=185856 Len=0 TSval=1346151969 TSecr=3834344961"
"200","50.460897","1698367994.302910000","172.20.0.2","172.20.0.3","TCP","74","47720 → 41002 [SYN] Seq=0 Win=64240 Len=0 MSS=1460 SACK_PERM TSval=3834345617 TSecr=0 WS=128"
"201","50.460962","1698367994.302975000","172.20.0.3","172.20.0.2","TCP","54","41002 → 47720 [RST, ACK] Seq=1 Ack=1 Win=0 Len=0"
"202","50.700906","1698367994.542919000","172.20.0.2","172.20.0.3","TCP","7306","49112 → 41003 [PSH, ACK] Seq=216311 Ack=1477 Win=64256 Len=7240 TSval=3834345857 TSecr=1346151969"
"203","50.700977","1698367994.542990000","172.20.0.3","172.20.0.2","TCP","66","41003 → 49112 [ACK] Seq=1477 Ack=223551 Win=185344 Len=0 TSval=1346152865 TSecr=3834345857"
"204","50.700992","1698367994.543005000","172.20.0.2","172.20.0.3","TCP","3576","49112 → 41003 [PSH, ACK] Seq=223551 Ack=1477 Win=64256 Len=3510 TSval=3834345857 TSecr=1346151969"
"205","50.701020","1698367994.543033000","172.20.0.3","172.20.0.2","TCP","66","41003 → 49112 [ACK] Seq=1477 Ack=227061 Win=182912 Len=0 TSval=1346152865 TSecr=3834345857"
"206","50.814011","1698367994.656024000","172.20.0.2","172.20.0.3","TCP","6450","49112 → 41003 [PSH, ACK] Seq=227061 Ack=1477 Win=64256 Len=6384 TSval=3834345970 TSecr=1346152865"
"207","50.814080","1698367994.656093000","172.20.0.3","172.20.0.2","TCP","66","41003 → 49112 [ACK] Seq=1477 Ack=233445 Win=185728 Len=0 TSval=1346152978 TSecr=3834345970"
"208","51.578588","1698367995.420601000","172.20.0.2","172.20.0.3","TCP","74","46644 → 41002 [SYN] Seq=0 Win=64240 Len=0 MSS=1460 SACK_PERM TSval=3834346734 TSecr=0 WS=128"
"209","51.578658","1698367995.420671000","172.20.0.3","172.20.0.2","TCP","54","41002 → 46644 [RST, ACK] Seq=1 Ack=1 Win=0 Len=0"
"210","51.702952","1698367995.544965000","172.20.0.2","172.20.0.3","TCP","7306","49112 → 41003 [PSH, ACK] Seq=233445 Ack=1477 Win=64256 Len=7240 TSval=3834346859 TSecr=1346152978"
"211","51.703004","1698367995.545017000","172.20.0.3","172.20.0.2","TCP","66","41003 → 49112 [ACK] Seq=1477 Ack=240685 Win=185344 Len=0 TSval=1346153867 TSecr=3834346859"
"212","51.703012","1698367995.545025000","172.20.0.2","172.20.0.3","TCP","3577","49112 → 41003 [PSH, ACK] Seq=240685 Ack=1477 Win=64256 Len=3511 TSval=3834346859 TSecr=1346152978"
"213","51.703037","1698367995.545050000","172.20.0.3","172.20.0.2","TCP","66","41003 → 49112 [ACK] Seq=1477 Ack=244196 Win=182912 Len=0 TSval=1346153867 TSecr=3834346859"
"214","51.812822","1698367995.654835000","172.20.0.2","172.20.0.3","TCP","738","49112 → 41003 [PSH, ACK] Seq=244196 Ack=1477 Win=64256 Len=672 TSval=3834346968 TSecr=1346153867"
"215","51.812865","1698367995.654878000","172.20.0.3","172.20.0.2","TCP","66","41003 → 49112 [ACK] Seq=1477 Ack=244868 Win=188544 Len=0 TSval=1346153977 TSecr=3834346968"
"216","52.713385","1698367996.555398000","172.20.0.2","172.20.0.3","TCP","7306","49112 → 41003 [PSH, ACK] Seq=244868 Ack=1477 Win=64256 Len=7240 TSval=3834347869 TSecr=1346153977"
"217","52.713437","1698367996.555450000","172.20.0.3","172.20.0.2","TCP","66","41003 → 49112 [ACK] Seq=1477 Ack=252108 Win=185344 Len=0 TSval=1346154877 TSecr=3834347869"
"218","52.713447","1698367996.555460000","172.20.0.2","172.20.0.3","TCP","3576","49112 → 41003 [PSH, ACK] Seq=252108 Ack=1477 Win=64256 Len=3510 TSval=3834347869 TSecr=1346153977"
"219","52.713475","1698367996.555488000","172.20.0.3","172.20.0.2","TCP","66","41003 → 49112 [ACK] Seq=1477 Ack=255618 Win=182912 Len=0 TSval=1346154877 TSecr=3834347869"
"220","52.713650","1698367996.555663000","172.20.0.2","172.20.0.3","TCP","74","46648 → 41002 [SYN] Seq=0 Win=64240 Len=0 MSS=1460 SACK_PERM TSval=3834347869 TSecr=0 WS=128"
"221","52.713720","1698367996.555733000","172.20.0.3","172.20.0.2","TCP","54","41002 → 46648 [RST, ACK] Seq=1 Ack=1 Win=0 Len=0"
"222","52.825656","1698367996.667669000","172.20.0.2","172.20.0.3","TCP","6910","49112 → 41003 [PSH, ACK] Seq=255618 Ack=1477 Win=64256 Len=6844 TSval=3834347981 TSecr=1346154877"
"223","52.825706","1698367996.667719000","172.20.0.3","172.20.0.2","TCP","66","41003 → 49112 [ACK] Seq=1477 Ack=262462 Win=185472 Len=0 TSval=1346154989 TSecr=3834347981"
"224","53.720748","1698367997.562761000","172.20.0.2","172.20.0.3","TCP","7306","49112 → 41003 [PSH, ACK] Seq=262462 Ack=1477 Win=64256 Len=7240 TSval=3834348876 TSecr=1346154989"
"225","53.720818","1698367997.562831000","172.20.0.3","172.20.0.2","TCP","66","41003 → 49112 [ACK] Seq=1477 Ack=269702 Win=185344 Len=0 TSval=1346155884 TSecr=3834348876"
"226","53.720834","1698367997.562847000","172.20.0.2","172.20.0.3","TCP","3440","49112 → 41003 [PSH, ACK] Seq=269702 Ack=1477 Win=64256 Len=3374 TSval=3834348876 TSecr=1346154989"
"227","53.720864","1698367997.562877000","172.20.0.3","172.20.0.2","TCP","66","41003 → 49112 [ACK] Seq=1477 Ack=273076 Win=182912 Len=0 TSval=1346155885 TSecr=3834348876"
"228","53.832882","1698367997.674895000","172.20.0.2","172.20.0.3","TCP","7794","49112 → 41003 [PSH, ACK] Seq=273076 Ack=1477 Win=64256 Len=7728 TSval=3834348989 TSecr=1346155885"
"229","53.832922","1698367997.674935000","172.20.0.3","172.20.0.2","TCP","66","41003 → 49112 [ACK] Seq=1477 Ack=280804 Win=185088 Len=0 TSval=1346155997 TSecr=3834348989"
"230","53.833078","1698367997.675091000","172.20.0.2","172.20.0.3","TCP","74","46664 → 41002 [SYN] Seq=0 Win=64240 Len=0 MSS=1460 SACK_PERM TSval=3834348989 TSecr=0 WS=128"
"231","53.833132","1698367997.675145000","172.20.0.3","172.20.0.2","TCP","54","41002 → 46664 [RST, ACK] Seq=1 Ack=1 Win=0 Len=0"
"232","54.729502","1698367998.571515000","172.20.0.2","172.20.0.3","TCP","7306","49112 → 41003 [PSH, ACK] Seq=280804 Ack=1477 Win=64256 Len=7240 TSval=3834349885 TSecr=1346155997"
"233","54.729569","1698367998.571582000","172.20.0.3","172.20.0.2","TCP","66","41003 → 49112 [ACK] Seq=1477 Ack=288044 Win=185344 Len=0 TSval=1346156893 TSecr=3834349885"
"234","54.729584","1698367998.571597000","172.20.0.2","172.20.0.3","TCP","4869","49112 → 41003 [PSH, ACK] Seq=288044 Ack=1477 Win=64256 Len=4803 TSval=3834349885 TSecr=1346155997"
"235","54.729613","1698367998.571626000","172.20.0.3","172.20.0.2","TCP","66","41003 → 49112 [ACK] Seq=1477 Ack=292847 Win=182272 Len=0 TSval=1346156893 TSecr=3834349885"
"236","54.839272","1698367998.681285000","172.20.0.2","172.20.0.3","TCP","3371","49112 → 41003 [PSH, ACK] Seq=292847 Ack=1477 Win=64256 Len=3305 TSval=3834349995 TSecr=1346156893"
"237","54.839313","1698367998.681326000","172.20.0.3","172.20.0.2","TCP","66","41003 → 49112 [ACK] Seq=1477 Ack=296152 Win=187264 Len=0 TSval=1346157003 TSecr=3834349995"
"238","54.948665","1698367998.790678000","172.20.0.2","172.20.0.3","TCP","74","46672 → 41002 [SYN] Seq=0 Win=64240 Len=0 MSS=1460 SACK_PERM TSval=3834350104 TSecr=0 WS=128"
"239","54.948736","1698367998.790749000","172.20.0.3","172.20.0.2","TCP","54","41002 → 46672 [RST, ACK] Seq=1 Ack=1 Win=0 Len=0"
"240","55.492655","1698367999.334668000","172.20.0.3","172.20.0.2","TCP","66","41003 → 49112 [FIN, ACK] Seq=1477 Ack=296152 Win=188544 Len=0 TSval=1346157656 TSecr=3834349995"
"241","55.496153","1698367999.338166000","172.20.0.2","172.20.0.3","TCP","66","49112 → 41003 [FIN, ACK] Seq=296152 Ack=1478 Win=64256 Len=0 TSval=3834350652 TSecr=1346157656"
"242","55.496260","1698367999.338273000","172.20.0.3","172.20.0.2","TCP","66","41003 → 49112 [ACK] Seq=1478 Ack=296153 Win=188544 Len=0 TSval=1346157660 TSecr=3834350652"
"243","55.948954","1698367999.790967000","172.20.0.2","172.20.0.3","TCP","74","46680 → 41002 [SYN] Seq=0 Win=64240 Len=0 MSS=1460 SACK_PERM TSval=3834351105 TSecr=0 WS=128"
"244","55.949059","1698367999.791072000","172.20.0.3","172.20.0.2","TCP","54","41002 → 46680 [RST, ACK] Seq=1 Ack=1 Win=0 Len=0"
"245","55.949144","1698367999.791157000","172.20.0.2","172.20.0.3","TCP","74","53110 → 41003 [SYN] Seq=0 Win=64240 Len=0 MSS=1460 SACK_PERM TSval=3834351105 TSecr=0 WS=128"
"246","55.949180","1698367999.791193000","172.20.0.3","172.20.0.2","TCP","54","41003 → 53110 [RST, ACK] Seq=1 Ack=1 Win=0 Len=0"
